frame,time,x,y,tile_x,tile_y,vx,vy,state,on_ground,hp,daggers
1,1775821967.011,2506,224,52,4,0,0.55,airborne,0,3,3
145,1775821969.329,2506,211,52,4,4,-11.9,walking,0,3,3
146,1775821969.345,2506,200,52,4,4,-11.35,walking,0,3,3
147,1775821969.361,2506,190,52,3,4,-10.8,walking,0,3,3
148,1775821969.377,2506,180,52,3,4,-10.25,walking,0,3,3
149,1775821969.394,2506,171,52,3,4,-9.7,walking,0,3,3
150,1775821969.411,2506,162,52,3,4,-9.15,walking,0,3,3
151,1775821969.427,2506,154,52,3,4,-8.6,walking,0,3,3
152,1775821969.443,2506,146,52,3,4,-8.05,walking,0,3,3
153,1775821969.459,2506,139,52,2,4,-7.5,walking,0,3,3
154,1775821969.476,2506,133,52,2,4,-6.95,walking,0,3,3
155,1775821969.491,2506,127,52,2,4,-6.4,walking,0,3,3
156,1775821969.507,2510,122,52,2,4,-5.85,walking,0,3,3
157,1775821969.523,2514,117,52,2,4,-5.3,walking,0,3,3
158,1775821969.54,2518,113,52,2,4,-4.75,walking,0,3,3
159,1775821969.555,2522,109,52,2,4,-4.2,walking,0,3,3
160,1775821969.571,2526,106,52,2,4,-3.65,walking,0,3,3
161,1775821969.587,2530,103,52,2,4,-3.1,walking,0,3,3
162,1775821969.603,2534,101,52,2,4,-2.55,walking,0,3,3
163,1775821969.619,2538,100,52,2,4,-2.0,walking,0,3,3
164,1775821969.635,2542,99,52,2,4,-1.45,walking,0,3,3
165,1775821969.652,2546,99,53,2,4,-0.9,walking,0,3,3
166,1775821969.668,2550,99,53,2,4,-0.35,walking,0,3,3
167,1775821969.684,2554,99,53,2,4,0.2,walking,0,3,3
169,1775821969.716,2554,100,53,2,4,1.3,walking,0,3,3
170,1775821969.732,2554,101,53,2,4,1.85,walking,0,3,3
171,1775821969.748,2554,103,53,2,4,2.4,walking,0,3,3
172,1775821969.764,2554,105,53,2,4,2.95,walking,0,3,3
173,1775821969.78,2554,108,53,2,4,3.5,walking,0,3,3
174,1775821969.796,2554,112,53,2,4,4.05,walking,0,3,3
175,1775821969.813,2554,116,53,2,4,4.6,walking,0,3,3
176,1775821969.828,2554,121,53,2,4,5.15,walking,0,3,3
177,1775821969.844,2554,126,53,2,4,5.7,walking,0,3,3
178,1775821969.86,2554,128,53,2,4,0,walking,1,3,3
195,1775821970.132,2554,115,53,2,4,-13.45,walking,0,3,3
196,1775821970.148,2554,103,53,2,4,-12.9,walking,0,3,3
197,1775821970.165,2554,91,53,1,4,-12.35,walking,0,3,3
198,1775821970.18,2554,80,53,1,4,-11.8,walking,0,3,3
199,1775821970.196,2558,69,53,1,4,-11.25,walking,0,3,3
200,1775821970.212,2562,59,53,1,4,-10.7,walking,0,3,3
201,1775821970.229,2566,49,53,1,4,-10.15,walking,0,3,3
202,1775821970.244,2570,48,53,1,4,0,walking,0,3,3
203,1775821970.261,2574,48,53,1,4,0.55,walking,0,3,3
204,1775821970.277,2578,49,53,1,4,1.1,walking,0,3,3
205,1775821970.293,2582,50,53,1,4,1.65,walking,0,3,3
206,1775821970.309,2586,52,53,1,4,2.2,walking,0,3,3
207,1775821970.326,2590,54,53,1,4,2.75,walking,0,3,3
208,1775821970.341,2594,57,54,1,4,3.3,walking,0,3,3
209,1775821970.357,2598,60,54,1,4,3.85,walking,0,3,3
210,1775821970.374,2602,64,54,1,4,4.4,walking,0,3,3
211,1775821970.389,2606,68,54,1,4,4.95,walking,0,3,3
212,1775821970.405,2610,73,54,1,4,5.5,walking,0,3,3
213,1775821970.422,2614,79,54,1,4,6.05,walking,0,3,3
214,1775821970.437,2618,80,54,1,4,0,walking,1,3,3
215,1775821970.453,2622,80,54,1,4,0.55,walking,0,3,3
216,1775821970.47,2626,80,54,1,4,0,walking,1,3,3
217,1775821970.486,2630,80,54,1,4,0.55,walking,0,3,3
218,1775821970.502,2634,80,54,1,4,0,walking,1,3,3
219,1775821970.518,2638,80,54,1,4,0.55,walking,0,3,3
220,1775821970.535,2642,80,55,1,4,0,walking,1,3,3
221,1775821970.55,2646,80,55,1,4,0.55,walking,0,3,3
222,1775821970.567,2650,80,55,1,4,0,walking,1,3,3
223,1775821970.584,2654,80,55,1,4,0.55,walking,0,3,3
224,1775821970.6,2658,80,55,1,4,0,walking,1,3,3
225,1775821970.615,2662,80,55,1,4,0.55,walking,0,3,3
226,1775821970.632,2666,80,55,1,4,0,walking,1,3,3
227,1775821970.647,2670,80,55,1,4,0.55,walking,0,3,3
228,1775821970.663,2674,80,55,1,4,0,walking,1,3,3
229,1775821970.679,2678,80,55,1,4,0.55,walking,0,3,3
230,1775821970.694,2682,80,55,1,4,0,walking,1,3,3
231,1775821970.71,2686,80,55,1,4,0.55,walking,0,3,3
232,1775821970.727,2690,80,56,1,4,0,walking,1,3,3
233,1775821970.744,2694,80,56,1,4,0.55,walking,0,3,3
234,1775821970.759,2698,80,56,1,4,0,walking,1,3,3
235,1775821970.776,2702,80,56,1,4,0.55,walking,0,3,3
236,1775821970.792,2706,80,56,1,4,0,walking,1,3,3
237,1775821970.808,2710,80,56,1,4,0.55,walking,0,3,3
238,1775821970.824,2714,80,56,1,4,0,walking,1,3,3
239,1775821970.84,2718,80,56,1,4,0.55,walking,0,3,3
240,1775821970.856,2722,80,56,1,4,0,walking,1,3,3
241,1775821970.872,2726,80,56,1,4,0.55,walking,0,3,3
242,1775821970.889,2730,80,56,1,4,0,walking,1,3,3
243,1775821970.904,2734,80,56,1,4,0.55,walking,0,3,3
244,1775821970.92,2738,80,57,1,4,0,walking,1,3,3
245,1775821970.937,2742,80,57,1,4,0.55,walking,0,3,3
246,1775821970.953,2746,80,57,1,4,0,walking,1,3,3
247,1775821970.969,2750,80,57,1,4,0.55,walking,0,3,3
248,1775821970.985,2754,80,57,1,4,0,walking,1,3,3
249,1775821971.002,2758,80,57,1,4,0.55,walking,0,3,3
250,1775821971.017,2762,80,57,1,4,0,walking,1,3,3
251,1775821971.033,2766,80,57,1,4,0.55,walking,0,3,3
252,1775821971.05,2770,80,57,1,4,0,walking,1,3,3
253,1775821971.066,2774,80,57,1,4,0.55,walking,0,3,3
254,1775821971.082,2778,80,57,1,4,0,walking,1,3,3
255,1775821971.098,2782,80,57,1,4,0.55,walking,0,3,3
256,1775821971.114,2786,80,58,1,4,0,walking,1,3,3
257,1775821971.13,2790,80,58,1,4,0.55,walking,0,3,3
258,1775821971.147,2794,80,58,1,4,0,walking,1,3,3
259,1775821971.164,2798,80,58,1,4,0.55,walking,0,3,3
260,1775821971.179,2802,80,58,1,4,0,walking,1,3,3
261,1775821971.196,2806,80,58,1,4,0.55,walking,0,3,3
262,1775821971.211,2810,80,58,1,4,0,walking,1,3,3
263,1775821971.228,2814,80,58,1,4,0.55,walking,0,3,3
264,1775821971.243,2818,80,58,1,4,0,walking,1,3,3
265,1775821971.26,2822,80,58,1,4,0.55,walking,0,3,3
266,1775821971.277,2826,80,58,1,4,0,walking,1,3,3
267,1775821971.292,2830,80,58,1,4,0.55,walking,0,3,3
268,1775821971.308,2834,80,59,1,4,0,walking,1,3,3
269,1775821971.325,2838,80,59,1,4,0.55,walking,0,3,3
270,1775821971.341,2842,80,59,1,4,0,walking,1,3,3
271,1775821971.357,2846,80,59,1,4,0.55,walking,0,3,3
272,1775821971.373,2850,80,59,1,4,0,walking,1,3,3
273,1775821971.389,2854,80,59,1,4,0.55,walking,0,3,3
274,1775821971.406,2858,80,59,1,4,0,walking,1,3,3
279,1775821971.485,2854,80,59,1,-4,0.55,walking,0,3,3
280,1775821971.502,2850,80,59,1,-4,0,walking,1,3,3
281,1775821971.518,2846,80,59,1,-4,0.55,walking,0,3,3
282,1775821971.534,2842,80,59,1,-4,0,walking,1,3,3
283,1775821971.551,2838,80,59,1,-4,0.55,walking,0,3,3
284,1775821971.567,2834,80,59,1,-4,0,walking,1,3,3
285,1775821971.582,2830,80,58,1,-4,0.55,walking,0,3,3
286,1775821971.598,2826,80,58,1,-4,0,walking,1,3,3
287,1775821971.614,2822,80,58,1,-4,0.55,walking,0,3,3
288,1775821971.63,2818,80,58,1,-4,0,walking,1,3,3
289,1775821971.646,2814,80,58,1,-4,0.55,walking,0,3,3
290,1775821971.663,2810,80,58,1,-4,0,walking,1,3,3
291,1775821971.677,2806,80,58,1,-4,0.55,walking,0,3,3
292,1775821971.694,2802,80,58,1,-4,0,walking,1,3,3
293,1775821971.709,2798,80,58,1,-4,0.55,walking,0,3,3
294,1775821971.725,2794,80,58,1,-4,0,walking,1,3,3
295,1775821971.742,2790,80,58,1,-4,0.55,walking,0,3,3
296,1775821971.757,2786,80,58,1,-4,0,walking,1,3,3
297,1775821971.774,2782,80,57,1,-4,0.55,walking,0,3,3
298,1775821971.789,2778,80,57,1,-4,0,walking,1,3,3
299,1775821971.805,2774,80,57,1,-4,0.55,walking,0,3,3
300,1775821971.821,2770,80,57,1,-4,0,walking,1,3,3
301,1775821971.837,2766,80,57,1,-4,0.55,walking,0,3,3
302,1775821971.853,2762,80,57,1,-4,0,walking,1,3,3
303,1775821971.869,2758,80,57,1,-4,0.55,walking,0,3,3
304,1775821971.886,2754,80,57,1,-4,0,walking,1,3,3
305,1775821971.901,2750,80,57,1,-4,0.55,walking,0,3,3
306,1775821971.918,2746,80,57,1,-4,0,walking,1,3,3
307,1775821971.933,2742,80,57,1,-4,0.55,walking,0,3,3
308,1775821971.949,2738,80,57,1,-4,0,walking,1,3,3
309,1775821971.965,2734,80,56,1,-4,0.55,walking,0,3,3
310,1775821971.982,2730,80,56,1,-4,0,walking,1,3,3
311,1775821971.999,2726,80,56,1,-4,0.55,walking,0,3,3
312,1775821972.016,2722,80,56,1,-4,0,walking,1,3,3
313,1775821972.032,2718,80,56,1,-4,0.55,walking,0,3,3
314,1775821972.049,2714,80,56,1,-4,0,walking,1,3,3
315,1775821972.064,2710,80,56,1,-4,0.55,walking,0,3,3
316,1775821972.08,2706,80,56,1,-4,0,walking,1,3,3
317,1775821972.096,2702,80,56,1,-4,0.55,walking,0,3,3
318,1775821972.113,2698,80,56,1,-4,0,walking,1,3,3
319,1775821972.128,2694,80,56,1,-4,0.55,walking,0,3,3
320,1775821972.144,2690,80,56,1,-4,0,walking,1,3,3
321,1775821972.161,2686,80,55,1,-4,0.55,walking,0,3,3
322,1775821972.176,2682,80,55,1,-4,0,walking,1,3,3
323,1775821972.193,2678,80,55,1,-4,0.55,walking,0,3,3
324,1775821972.21,2674,80,55,1,-4,0,walking,1,3,3
325,1775821972.225,2670,80,55,1,-4,0.55,walking,0,3,3
326,1775821972.242,2666,80,55,1,-4,0,walking,1,3,3
327,1775821972.259,2662,80,55,1,-4,0.55,walking,0,3,3
328,1775821972.274,2658,80,55,1,-4,0,walking,1,3,3
329,1775821972.29,2654,80,55,1,-4,0.55,walking,0,3,3
330,1775821972.307,2650,80,55,1,-4,0,walking,1,3,3
331,1775821972.323,2646,80,55,1,-4,0.55,walking,0,3,3
332,1775821972.34,2642,80,55,1,-4,0,walking,1,3,3
333,1775821972.355,2638,80,54,1,-4,0.55,walking,0,3,3
334,1775821972.371,2634,80,54,1,-4,0,walking,1,3,3
335,1775821972.388,2630,80,54,1,-4,0.55,walking,0,3,3
336,1775821972.404,2626,80,54,1,-4,0,walking,1,3,3
337,1775821972.42,2622,80,54,1,-4,0.55,walking,0,3,3
338,1775821972.436,2618,80,54,1,-4,0,walking,1,3,3
339,1775821972.451,2614,80,54,1,-4,0.55,walking,0,3,3
340,1775821972.468,2610,80,54,1,-4,0,walking,1,3,3
341,1775821972.483,2606,80,54,1,-4,0.55,walking,0,3,3
342,1775821972.499,2602,80,54,1,-4,0,walking,1,3,3
343,1775821972.515,2598,80,54,1,-4,0.55,walking,0,3,3
344,1775821972.532,2594,80,54,1,-4,0,walking,1,3,3
345,1775821972.549,2590,80,53,1,-4,0.55,walking,0,3,3
346,1775821972.565,2586,80,53,1,-4,0,walking,1,3,3
347,1775821972.582,2582,80,53,1,-4,0.55,walking,0,3,3
348,1775821972.598,2578,80,53,1,-4,0,walking,1,3,3
349,1775821972.615,2574,80,53,1,-4,0.55,walking,0,3,3
350,1775821972.631,2570,80,53,1,-4,0,walking,1,3,3
351,1775821972.647,2566,80,53,1,-4,0.55,walking,0,3,3
352,1775821972.662,2562,80,53,1,-4,0,walking,1,3,3
353,1775821972.678,2558,80,53,1,-4,0.55,walking,0,3,3
354,1775821972.693,2554,81,53,1,-4,1.1,walking,0,3,3
355,1775821972.71,2550,82,53,1,-4,1.65,walking,0,3,3
356,1775821972.725,2546,84,53,1,-4,2.2,walking,0,3,3
357,1775821972.742,2542,86,52,1,-4,2.75,walking,0,3,3
358,1775821972.757,2538,89,52,1,-4,3.3,walking,0,3,3
359,1775821972.774,2534,92,52,1,-4,3.85,walking,0,3,3
360,1775821972.79,2530,96,52,2,-4,4.4,walking,0,3,3
361,1775821972.807,2526,100,52,2,-4,4.95,walking,0,3,3
362,1775821972.822,2522,105,52,2,-4,5.5,walking,0,3,3
363,1775821972.839,2518,111,52,2,-4,6.05,walking,0,3,3
364,1775821972.855,2514,117,52,2,-4,6.6,walking,0,3,3
365,1775821972.871,2510,124,52,2,-4,7.15,walking,0,3,3
366,1775821972.888,2506,131,52,2,-4,7.7,walking,0,3,3
367,1775821972.904,2506,139,52,2,0,8.25,airborne,0,3,3
368,1775821972.919,2506,147,52,3,0,8.8,airborne,0,3,3
369,1775821972.935,2506,156,52,3,0,9.35,airborne,0,3,3
370,1775821972.951,2506,165,52,3,0,9.9,airborne,0,3,3
371,1775821972.967,2506,175,52,3,0,10.45,airborne,0,3,3
372,1775821972.984,2506,186,52,3,0,11.0,airborne,0,3,3
373,1775821973.0,2506,197,52,4,0,11.55,airborne,0,3,3
374,1775821973.017,2506,209,52,4,0,12.1,airborne,0,3,3
375,1775821973.032,2506,221,52,4,0,12.65,airborne,0,3,3
376,1775821973.048,2506,224,52,4,0,0,standing,1,3,3
428,1775821973.887,2502,224,52,4,-4,0,walking,1,3,3
429,1775821973.903,2498,224,52,4,-4,0.55,walking,0,3,3
430,1775821973.919,2494,224,51,4,-4,0,walking,1,3,3
431,1775821973.934,2490,224,51,4,-4,0.55,walking,0,3,3
432,1775821973.951,2486,224,51,4,-4,0,walking,1,3,3
433,1775821973.967,2482,224,51,4,-4,0.55,walking,0,3,3
434,1775821973.983,2478,224,51,4,-4,0,walking,1,3,3
435,1775821973.998,2474,224,51,4,-4,0.55,walking,0,3,3
436,1775821974.014,2470,224,51,4,-4,0,walking,1,3,3
437,1775821974.03,2466,224,51,4,-4,0.55,walking,0,3,3
457,1775821974.35,2470,224,51,4,4,0.55,walking,0,3,3
458,1775821974.366,2474,224,51,4,4,0,walking,1,3,3
459,1775821974.382,2478,224,51,4,4,0.55,walking,0,3,3
460,1775821974.398,2482,224,51,4,4,0,walking,1,3,3
461,1775821974.415,2486,224,51,4,4,0.55,walking,0,3,3
462,1775821974.431,2490,224,51,4,4,0,walking,1,3,3
463,1775821974.448,2494,224,51,4,4,0.55,walking,0,3,3
464,1775821974.465,2498,224,52,4,4,0,walking,1,3,3
465,1775821974.481,2502,211,52,4,4,-11.9,walking,0,3,3
466,1775821974.497,2506,200,52,4,4,-11.35,walking,0,3,3
467,1775821974.513,2506,190,52,3,4,-10.8,walking,0,3,3
468,1775821974.529,2506,180,52,3,4,-10.25,walking,0,3,3
469,1775821974.546,2506,171,52,3,4,-9.7,walking,0,3,3
470,1775821974.561,2506,162,52,3,4,-9.15,walking,0,3,3
471,1775821974.578,2506,154,52,3,4,-8.6,walking,0,3,3
472,1775821974.594,2506,146,52,3,4,-8.05,walking,0,3,3
473,1775821974.609,2506,139,52,2,4,-7.5,walking,0,3,3
474,1775821974.626,2506,133,52,2,4,-6.95,walking,0,3,3
475,1775821974.642,2506,127,52,2,4,-6.4,walking,0,3,3
476,1775821974.657,2510,122,52,2,4,-5.85,walking,0,3,3
477,1775821974.674,2514,117,52,2,4,-5.3,walking,0,3,3
478,1775821974.691,2518,113,52,2,4,-4.75,walking,0,3,3
479,1775821974.706,2522,109,52,2,4,-4.2,walking,0,3,3
480,1775821974.722,2526,106,52,2,4,-3.65,walking,0,3,3
481,1775821974.739,2530,103,52,2,4,-3.1,walking,0,3,3
482,1775821974.756,2534,101,52,2,4,-2.55,walking,0,3,3
483,1775821974.772,2538,100,52,2,4,-2.0,walking,0,3,3
484,1775821974.788,2542,99,52,2,4,-1.45,walking,0,3,3
485,1775821974.804,2546,99,53,2,4,-0.9,walking,0,3,3
486,1775821974.819,2550,99,53,2,4,-0.35,walking,0,3,3
487,1775821974.836,2554,99,53,2,4,0.2,walking,0,3,3
489,1775821974.869,2554,100,53,2,4,1.3,walking,0,3,3
490,1775821974.884,2554,101,53,2,4,1.85,walking,0,3,3
491,1775821974.901,2554,103,53,2,4,2.4,walking,0,3,3
492,1775821974.917,2554,105,53,2,4,2.95,walking,0,3,3
493,1775821974.933,2554,108,53,2,4,3.5,walking,0,3,3
494,1775821974.948,2554,112,53,2,4,4.05,walking,0,3,3
495,1775821974.964,2554,116,53,2,4,4.6,walking,0,3,3
496,1775821974.98,2554,121,53,2,4,5.15,walking,0,3,3
497,1775821974.997,2554,126,53,2,4,5.7,walking,0,3,3
498,1775821975.013,2554,128,53,2,4,0,walking,1,3,3
499,1775821975.029,2554,115,53,2,4,-13.45,walking,0,3,3
500,1775821975.045,2554,103,53,2,4,-12.9,walking,0,3,3
501,1775821975.062,2554,91,53,1,4,-12.35,walking,0,3,3
502,1775821975.078,2554,80,53,1,4,-11.8,walking,0,3,3
503,1775821975.093,2558,69,53,1,4,-11.25,walking,0,3,3
504,1775821975.11,2562,59,53,1,4,-10.7,walking,0,3,3
505,1775821975.126,2566,49,53,1,4,-10.15,walking,0,3,3
506,1775821975.141,2570,48,53,1,4,0,walking,0,3,3
507,1775821975.158,2574,48,53,1,4,0.55,walking,0,3,3
508,1775821975.173,2578,49,53,1,4,1.1,walking,0,3,3
509,1775821975.19,2582,50,53,1,4,1.65,walking,0,3,3
510,1775821975.206,2586,52,53,1,4,2.2,walking,0,3,3
511,1775821975.221,2590,54,53,1,4,2.75,walking,0,3,3
512,1775821975.238,2594,57,54,1,4,3.3,walking,0,3,3
513,1775821975.255,2598,60,54,1,4,3.85,walking,0,3,3
514,1775821975.27,2602,64,54,1,4,4.4,walking,0,3,3
515,1775821975.287,2606,68,54,1,4,4.95,walking,0,3,3
516,1775821975.303,2610,73,54,1,4,5.5,walking,0,3,3
517,1775821975.318,2614,79,54,1,4,6.05,walking,0,3,3
518,1775821975.335,2618,80,54,1,4,0,walking,1,3,3
519,1775821975.35,2622,80,54,1,4,0.55,walking,0,3,3
520,1775821975.367,2626,80,54,1,4,0,walking,1,3,3
521,1775821975.384,2630,80,54,1,4,0.55,walking,0,3,3
522,1775821975.4,2634,80,54,1,4,0,walking,1,3,3
523,1775821975.415,2638,80,54,1,4,0.55,walking,0,3,3
524,1775821975.431,2642,80,55,1,4,0,walking,1,3,3
525,1775821975.448,2646,80,55,1,4,0.55,walking,0,3,3
526,1775821975.465,2650,80,55,1,4,0,walking,1,3,3
527,1775821975.481,2654,80,55,1,4,0.55,walking,0,3,3
528,1775821975.497,2658,80,55,1,4,0,walking,1,3,3
529,1775821975.513,2662,80,55,1,4,0.55,walking,0,3,3
530,1775821975.53,2666,80,55,1,4,0,walking,1,3,3
531,1775821975.546,2670,80,55,1,4,0.55,walking,0,3,3
532,1775821975.563,2674,80,55,1,4,0,walking,1,3,3
533,1775821975.579,2678,80,55,1,4,0.55,walking,0,3,3
534,1775821975.594,2682,80,55,1,4,0,walking,1,3,3
535,1775821975.611,2686,80,55,1,4,0.55,walking,0,3,3
536,1775821975.626,2690,80,56,1,4,0,walking,1,3,3
537,1775821975.643,2694,80,56,1,4,0.55,walking,0,3,3
538,1775821975.658,2698,80,56,1,4,0,walking,1,3,3
539,1775821975.675,2702,80,56,1,4,0.55,walking,0,3,3
540,1775821975.69,2706,80,56,1,4,0,walking,1,3,3
541,1775821975.707,2710,80,56,1,4,0.55,walking,0,3,3
542,1775821975.722,2714,80,56,1,4,0,walking,1,3,3
543,1775821975.739,2718,80,56,1,4,0.55,walking,0,3,3
544,1775821975.755,2722,80,56,1,4,0,walking,1,3,3
545,1775821975.771,2726,80,56,1,4,0.55,walking,0,3,3
546,1775821975.788,2730,80,56,1,4,0,walking,1,3,3
547,1775821975.804,2734,80,56,1,4,0.55,walking,0,3,3
548,1775821975.82,2738,80,57,1,4,0,walking,1,3,3
549,1775821975.836,2742,80,57,1,4,0.55,walking,0,3,3
550,1775821975.852,2746,80,57,1,4,0,walking,1,3,3
551,1775821975.868,2750,80,57,1,4,0.55,walking,0,3,3
552,1775821975.884,2754,80,57,1,4,0,walking,1,3,3
553,1775821975.899,2758,80,57,1,4,0.55,walking,0,3,3
554,1775821975.915,2762,80,57,1,4,0,walking,1,3,3
555,1775821975.931,2766,80,57,1,4,0.55,walking,0,3,3
559,1775821975.998,2762,80,57,1,-4,0.55,walking,0,3,3
560,1775821976.014,2758,80,57,1,-4,0,walking,1,3,3
561,1775821976.03,2754,80,57,1,-4,0.55,walking,0,3,3
562,1775821976.046,2750,80,57,1,-4,0,walking,1,3,3
563,1775821976.061,2746,80,57,1,-4,0.55,walking,0,3,3
564,1775821976.078,2742,80,57,1,-4,0,walking,1,3,3
565,1775821976.094,2738,80,57,1,-4,0.55,walking,0,3,3
566,1775821976.109,2734,80,56,1,-4,0,walking,1,3,3
567,1775821976.126,2730,80,56,1,-4,0.55,walking,0,3,3
568,1775821976.141,2726,80,56,1,-4,0,walking,1,3,3
569,1775821976.158,2722,80,56,1,-4,0.55,walking,0,3,3
570,1775821976.173,2718,80,56,1,-4,0,walking,1,3,3
571,1775821976.19,2714,80,56,1,-4,0.55,walking,0,3,3
572,1775821976.206,2710,80,56,1,-4,0,walking,1,3,3
573,1775821976.221,2706,80,56,1,-4,0.55,walking,0,3,3
574,1775821976.238,2702,80,56,1,-4,0,walking,1,3,3
575,1775821976.255,2698,80,56,1,-4,0.55,walking,0,3,3
576,1775821976.271,2694,80,56,1,-4,0,walking,1,3,3
577,1775821976.287,2690,80,56,1,-4,0.55,walking,0,3,3
578,1775821976.303,2686,80,55,1,-4,0,walking,1,3,3
579,1775821976.318,2682,80,55,1,-4,0.55,walking,0,3,3
580,1775821976.335,2678,80,55,1,-4,0,walking,1,3,3
581,1775821976.35,2674,80,55,1,-4,0.55,walking,0,3,3
582,1775821976.367,2670,80,55,1,-4,0,walking,1,3,3
583,1775821976.383,2666,80,55,1,-4,0.55,walking,0,3,3
584,1775821976.399,2662,80,55,1,-4,0,walking,1,3,3
585,1775821976.415,2658,80,55,1,-4,0.55,walking,0,3,3
586,1775821976.431,2654,80,55,1,-4,0,walking,1,3,3
587,1775821976.447,2650,80,55,1,-4,0.55,walking,0,3,3
588,1775821976.463,2646,80,55,1,-4,0,walking,1,3,3
589,1775821976.48,2642,80,55,1,-4,0.55,walking,0,3,3
590,1775821976.496,2638,80,54,1,-4,0,walking,1,3,3
591,1775821976.511,2634,80,54,1,-4,0.55,walking,0,3,3
592,1775821976.528,2630,80,54,1,-4,0,walking,1,3,3
593,1775821976.543,2626,80,54,1,-4,0.55,walking,0,3,3
594,1775821976.56,2622,80,54,1,-4,0,walking,1,3,3
595,1775821976.576,2618,80,54,1,-4,0.55,walking,0,3,3
596,1775821976.592,2614,80,54,1,-4,0,walking,1,3,3
597,1775821976.608,2610,80,54,1,-4,0.55,walking,0,3,3
598,1775821976.623,2606,80,54,1,-4,0,walking,1,3,3
599,1775821976.64,2602,80,54,1,-4,0.55,walking,0,3,3
600,1775821976.656,2598,80,54,1,-4,0,walking,1,3,3
601,1775821976.672,2594,80,54,1,-4,0.55,walking,0,3,3
602,1775821976.688,2590,80,53,1,-4,0,walking,1,3,3
603,1775821976.704,2586,80,53,1,-4,0.55,walking,0,3,3
604,1775821976.72,2582,80,53,1,-4,0,walking,1,3,3
605,1775821976.736,2578,80,53,1,-4,0.55,walking,0,3,3
606,1775821976.752,2574,80,53,1,-4,0,walking,1,3,3
607,1775821976.768,2570,80,53,1,-4,0.55,walking,0,3,3
608,1775821976.785,2566,80,53,1,-4,0,walking,1,3,3
609,1775821976.801,2562,80,53,1,-4,0.55,walking,0,3,3
610,1775821976.817,2558,80,53,1,-4,0,walking,1,3,3
611,1775821976.833,2554,80,53,1,-4,0.55,walking,0,3,3
612,1775821976.849,2550,81,53,1,-4,1.1,walking,0,3,3
613,1775821976.864,2546,82,53,1,-4,1.65,walking,0,3,3
614,1775821976.88,2542,84,52,1,-4,2.2,walking,0,3,3
615,1775821976.897,2538,86,52,1,-4,2.75,walking,0,3,3
616,1775821976.913,2534,89,52,1,-4,3.3,walking,0,3,3
617,1775821976.928,2530,92,52,1,-4,3.85,walking,0,3,3
618,1775821976.945,2526,96,52,2,-4,4.4,walking,0,3,3
619,1775821976.961,2522,100,52,2,-4,4.95,walking,0,3,3
620,1775821976.977,2518,105,52,2,-4,5.5,walking,0,3,3
621,1775821976.994,2514,111,52,2,-4,6.05,walking,0,3,3
622,1775821977.009,2510,117,52,2,-4,6.6,walking,0,3,3
623,1775821977.026,2510,124,52,2,0,7.15,airborne,0,3,3
624,1775821977.041,2510,128,52,2,0,0,standing,1,3,3
657,1775821977.574,2506,128,52,2,-4,0.55,walking,0,3,3
658,1775821977.591,2502,129,52,2,-4,1.1,walking,0,3,3
659,1775821977.607,2498,130,52,2,-4,1.65,walking,0,3,3
660,1775821977.623,2494,132,51,2,-4,2.2,walking,0,3,3
661,1775821977.639,2490,134,51,2,-4,2.75,walking,0,3,3
662,1775821977.655,2486,137,51,2,-4,3.3,walking,0,3,3
663,1775821977.671,2482,140,51,2,-4,3.85,walking,0,3,3
664,1775821977.687,2478,144,51,3,-4,4.4,walking,0,3,3
665,1775821977.702,2474,148,51,3,-4,4.95,walking,0,3,3
666,1775821977.719,2470,153,51,3,-4,5.5,walking,0,3,3
667,1775821977.735,2466,159,51,3,-4,6.05,walking,0,3,3
668,1775821977.751,2462,165,51,3,-4,6.6,walking,0,3,3
669,1775821977.767,2458,172,51,3,-4,7.15,walking,0,3,3
670,1775821977.783,2454,179,51,3,-4,7.7,walking,0,3,3
671,1775821977.799,2450,187,51,3,-4,8.25,walking,0,3,3
672,1775821977.815,2446,195,50,4,-4,8.8,walking,0,3,3
673,1775821977.831,2442,204,50,4,-4,9.35,walking,0,3,3
674,1775821977.847,2438,213,50,4,-4,9.9,walking,0,3,3
675,1775821977.863,2434,223,50,4,-4,10.45,walking,0,3,3
676,1775821977.879,2430,224,50,4,-4,0,walking,1,3,3
677,1775821977.895,2426,224,50,4,-4,0.55,walking,0,3,3
678,1775821977.911,2422,224,50,4,-4,0,walking,1,3,3
679,1775821977.926,2418,224,50,4,-4,0.55,walking,0,3,3
680,1775821977.943,2414,224,50,4,-4,0,walking,1,3,3
681,1775821977.959,2410,224,50,4,-4,0.55,walking,0,3,3
682,1775821977.975,2410,225,50,4,0,1.1,airborne,0,3,3
683,1775821977.99,2410,226,50,4,0,1.65,airborne,0,3,3
684,1775821978.007,2410,228,50,4,0,2.2,airborne,0,3,3
685,1775821978.023,2410,230,50,4,0,2.75,airborne,0,3,3
686,1775821978.039,2410,233,50,4,0,3.3,airborne,0,3,3
687,1775821978.055,2410,236,50,4,0,3.85,airborne,0,3,3
688,1775821978.07,2410,240,50,5,0,4.4,airborne,0,3,3
689,1775821978.087,2410,244,50,5,0,4.95,airborne,0,3,3
690,1775821978.104,2410,249,50,5,0,5.5,airborne,0,3,3
691,1775821978.12,2410,255,50,5,0,6.05,airborne,0,3,3
692,1775821978.136,2410,261,50,5,0,6.6,airborne,0,3,3
693,1775821978.152,2410,268,50,5,0,7.15,airborne,0,3,3
694,1775821978.168,2410,275,50,5,0,7.7,airborne,0,3,3
695,1775821978.184,2410,283,50,5,0,8.25,airborne,0,3,3
696,1775821978.2,2410,291,50,6,0,8.8,airborne,0,3,3
697,1775821978.216,2410,300,50,6,0,9.35,airborne,0,3,3
698,1775821978.232,2410,309,50,6,0,9.9,airborne,0,3,3
699,1775821978.248,2410,319,50,6,0,10.45,airborne,0,3,3
700,1775821978.264,2410,320,50,6,0,0,standing,1,3,3
725,1775821978.664,2406,320,50,6,-4,0.55,walking,0,3,3
726,1775821978.679,2402,320,50,6,-4,0,walking,1,3,3
727,1775821978.695,2398,320,49,6,-4,0.55,walking,0,3,3
728,1775821978.711,2394,320,49,6,-4,0,walking,1,3,3
729,1775821978.727,2390,320,49,6,-4,0.55,walking,0,3,3
730,1775821978.743,2386,320,49,6,-4,0,walking,1,3,3
731,1775821978.759,2382,320,49,6,-4,0.55,walking,0,3,3
732,1775821978.775,2378,320,49,6,-4,0,walking,1,3,3
733,1775821978.791,2374,320,49,6,-4,0.55,walking,0,3,3
734,1775821978.807,2370,320,49,6,-4,0,walking,1,3,3
735,1775821978.823,2366,320,49,6,-4,0.55,walking,0,3,3
736,1775821978.839,2362,321,49,6,-4,1.1,walking,0,3,3
737,1775821978.855,2362,322,49,6,0,1.65,airborne,0,3,3
738,1775821978.871,2362,324,49,6,0,2.2,airborne,0,3,3
739,1775821978.888,2362,326,49,6,0,2.75,airborne,0,3,3
740,1775821978.904,2362,329,49,6,0,3.3,airborne,0,3,3
741,1775821978.92,2362,332,49,6,0,3.85,airborne,0,3,3
742,1775821978.936,2362,336,49,7,0,4.4,airborne,0,3,3
743,1775821978.952,2362,340,49,7,0,4.95,airborne,0,3,3
744,1775821978.968,2362,345,49,7,0,5.5,airborne,0,3,3
745,1775821978.984,2362,351,49,7,0,6.05,airborne,0,3,3
746,1775821979.0,2362,357,49,7,0,6.6,airborne,0,3,3
747,1775821979.016,2362,364,49,7,0,7.15,airborne,0,3,3
748,1775821979.032,2362,368,49,7,0,0,standing,1,3,3
825,1775821980.278,2362,355,49,7,4,-13.45,walking,0,3,3
826,1775821980.294,2362,343,49,7,4,-12.9,walking,0,3,3
827,1775821980.31,2362,331,49,6,4,-12.35,walking,0,3,3
828,1775821980.326,2362,320,49,6,4,-11.8,walking,0,3,3
829,1775821980.342,2366,309,49,6,4,-11.25,walking,0,3,3
830,1775821980.358,2370,299,49,6,4,-10.7,walking,0,3,3
831,1775821980.374,2374,289,49,6,4,-10.15,walking,0,3,3
832,1775821980.39,2378,280,49,5,4,-9.6,walking,0,3,3
833,1775821980.406,2382,271,49,5,4,-9.05,walking,0,3,3
834,1775821980.422,2386,263,49,5,4,-8.5,walking,0,3,3
835,1775821980.438,2390,256,49,5,4,-7.95,walking,0,3,3
836,1775821980.454,2394,249,49,5,4,-7.4,walking,0,3,3
837,1775821980.47,2398,243,49,5,4,-6.85,walking,0,3,3
838,1775821980.486,2402,237,50,4,4,-6.3,walking,0,3,3
839,1775821980.502,2406,232,50,4,4,-5.75,walking,0,3,3
840,1775821980.518,2410,227,50,4,4,-5.2,walking,0,3,3
841,1775821980.534,2410,223,50,4,4,-4.65,walking,0,3,3
842,1775821980.55,2414,219,50,4,4,-4.1,walking,0,3,3
843,1775821980.566,2418,216,50,4,4,-3.55,walking,0,3,3
844,1775821980.582,2422,214,50,4,4,-3.0,walking,0,3,3
845,1775821980.598,2426,212,50,4,4,-2.45,walking,0,3,3
846,1775821980.614,2430,211,50,4,4,-1.9,walking,0,3,3
847,1775821980.63,2434,210,50,4,4,-1.35,walking,0,3,3
848,1775821980.647,2438,210,50,4,4,-0.8,walking,0,3,3
849,1775821980.662,2442,210,50,4,4,-0.25,walking,0,3,3
850,1775821980.677,2446,210,50,4,4,0.3,walking,0,3,3
851,1775821980.693,2450,210,51,4,4,0.85,walking,0,3,3
852,1775821980.709,2454,211,51,4,4,1.4,walking,0,3,3
853,1775821980.725,2458,212,51,4,4,1.95,walking,0,3,3
854,1775821980.742,2462,214,51,4,4,2.5,walking,0,3,3
855,1775821980.758,2466,217,51,4,4,3.05,walking,0,3,3
856,1775821980.774,2470,220,51,4,4,3.6,walking,0,3,3
857,1775821980.79,2474,224,51,4,4,4.15,walking,0,3,3
858,1775821980.806,2478,224,51,4,4,0,walking,1,3,3
859,1775821980.822,2482,224,51,4,4,0.55,walking,0,3,3
860,1775821980.838,2486,224,51,4,4,0,walking,1,3,3
873,1775821981.047,2482,224,51,4,-4,0.55,walking,0,3,3
874,1775821981.064,2478,224,51,4,-4,0,walking,1,3,3
875,1775821981.08,2474,224,51,4,-4,0.55,walking,0,3,3
876,1775821981.096,2470,224,51,4,-4,0,walking,1,3,3
877,1775821981.113,2466,224,51,4,-4,0.55,walking,0,3,3
878,1775821981.129,2462,224,51,4,-4,0,walking,1,3,3
879,1775821981.146,2458,224,51,4,-4,0.55,walking,0,3,3
880,1775821981.161,2454,224,51,4,-4,0,walking,1,3,3
881,1775821981.177,2450,224,51,4,-4,0.55,walking,0,3,3
882,1775821981.193,2446,224,50,4,-4,0,walking,1,3,3
883,1775821981.209,2442,224,50,4,-4,0.55,walking,0,3,3
884,1775821981.225,2438,224,50,4,-4,0,walking,1,3,3
885,1775821981.241,2434,224,50,4,-4,0.55,walking,0,3,3
886,1775821981.257,2430,224,50,4,-4,0,walking,1,3,3
887,1775821981.273,2426,224,50,4,-4,0.55,walking,0,3,3
888,1775821981.289,2422,224,50,4,-4,0,walking,1,3,3
889,1775821981.306,2418,224,50,4,-4,0.55,walking,0,3,3
890,1775821981.322,2414,224,50,4,-4,0,walking,1,3,3
891,1775821981.338,2410,224,50,4,-4,0.55,walking,0,3,3
892,1775821981.354,2410,225,50,4,0,1.1,airborne,0,3,3
893,1775821981.371,2410,226,50,4,0,1.65,airborne,0,3,3
894,1775821981.386,2410,228,50,4,0,2.2,airborne,0,3,3
895,1775821981.402,2410,230,50,4,0,2.75,airborne,0,3,3
896,1775821981.419,2410,233,50,4,0,3.3,airborne,0,3,3
897,1775821981.435,2410,236,50,4,0,3.85,airborne,0,3,3
898,1775821981.451,2410,240,50,5,0,4.4,airborne,0,3,3
899,1775821981.467,2410,244,50,5,0,4.95,airborne,0,3,3
900,1775821981.483,2410,249,50,5,0,5.5,airborne,0,3,3
901,1775821981.499,2410,255,50,5,0,6.05,airborne,0,3,3
902,1775821981.515,2410,261,50,5,0,6.6,airborne,0,3,3
903,1775821981.531,2410,268,50,5,0,7.15,airborne,0,3,3
904,1775821981.548,2410,275,50,5,0,7.7,airborne,0,3,3
905,1775821981.564,2410,283,50,5,0,8.25,airborne,0,3,3
906,1775821981.58,2410,291,50,6,0,8.8,airborne,0,3,3
907,1775821981.596,2410,300,50,6,0,9.35,airborne,0,3,3
908,1775821981.613,2410,309,50,6,0,9.9,airborne,0,3,3
909,1775821981.629,2410,319,50,6,0,10.45,airborne,0,3,3
910,1775821981.645,2410,320,50,6,0,0,standing,1,3,3
959,1775821982.436,2414,354,50,7,4,0.55,crouching,0,3,3
960,1775821982.452,2418,354,50,7,4,0,crouching,1,3,3
988,1775821982.902,2422,354,50,7,4,0,crouching,1,3,3
989,1775821982.918,2426,354,50,7,4,0.55,crouching,0,3,3
990,1775821982.935,2430,354,50,7,4,0,crouching,1,3,3
991,1775821982.95,2434,354,50,7,4,0.55,crouching,0,3,3
992,1775821982.967,2438,354,50,7,4,0,crouching,1,3,3
993,1775821982.982,2442,354,50,7,4,0.55,crouching,0,3,3
994,1775821982.999,2446,354,50,7,4,0,crouching,1,3,3
995,1775821983.015,2450,354,51,7,4,0.55,crouching,0,3,3
996,1775821983.031,2454,354,51,7,4,0,crouching,1,3,3
997,1775821983.047,2458,354,51,7,4,0.55,crouching,0,3,3
998,1775821983.063,2462,354,51,7,4,0,crouching,1,3,3
999,1775821983.079,2466,354,51,7,4,0.55,crouching,0,3,3
1000,1775821983.096,2470,354,51,7,4,0,crouching,1,3,3
1001,1775821983.113,2474,354,51,7,4,0.55,crouching,0,3,3
1002,1775821983.13,2478,354,51,7,4,0,crouching,1,3,3
1003,1775821983.145,2482,354,51,7,4,0.55,crouching,0,3,3
1004,1775821983.161,2486,354,51,7,4,0,crouching,1,3,3
1005,1775821983.177,2490,354,51,7,4,0.55,crouching,0,3,3
1006,1775821983.194,2494,354,51,7,4,0,crouching,1,3,3
1007,1775821983.209,2498,354,52,7,4,0.55,crouching,0,3,3
1008,1775821983.225,2502,355,52,7,4,1.1,crouching,0,3,3
1009,1775821983.241,2506,356,52,7,4,1.65,crouching,0,3,3
1010,1775821983.257,2510,358,52,7,4,2.2,crouching,0,3,3
1011,1775821983.274,2514,360,52,7,4,2.75,crouching,0,3,3
1012,1775821983.289,2518,363,52,7,4,3.3,crouching,0,3,3
1013,1775821983.305,2522,366,52,7,4,3.85,crouching,0,3,3
1014,1775821983.322,2526,370,52,7,4,4.4,crouching,0,3,3
1015,1775821983.339,2530,340,52,7,4,4.95,walking,0,3,3
1016,1775821983.356,2534,345,52,7,4,5.5,walking,0,3,3
1017,1775821983.371,2538,351,52,7,4,6.05,walking,0,3,3
1018,1775821983.387,2542,357,52,7,4,6.6,walking,0,3,3
1019,1775821983.403,2546,364,53,7,4,7.15,walking,0,3,3
1020,1775821983.419,2550,371,53,7,4,7.7,walking,0,3,3
1021,1775821983.436,2554,379,53,7,4,8.25,walking,0,3,3
1022,1775821983.453,2558,387,53,8,4,8.8,walking,0,3,3
1023,1775821983.47,2562,396,53,8,4,9.35,walking,0,3,3
1024,1775821983.486,2566,405,53,8,4,9.9,walking,0,3,3
1025,1775821983.503,2570,415,53,8,4,10.45,walking,0,3,3
1026,1775821983.519,2574,426,53,8,4,11.0,walking,0,3,3
1027,1775821983.534,2578,437,53,9,4,11.55,walking,0,3,3
1028,1775821983.551,2582,449,53,9,4,12.1,walking,0,3,3
1029,1775821983.566,2586,461,53,9,4,12.65,walking,0,3,3
1030,1775821983.582,2590,474,53,9,4,13.2,walking,0,3,3
1031,1775821983.599,2594,487,54,10,4,13.75,walking,0,3,3
1032,1775821983.615,2598,501,54,10,4,14.3,walking,0,3,3
1033,1775821983.631,2602,515,54,10,4,14.85,walking,0,3,3
1034,1775821983.647,2606,530,54,11,4,15.4,walking,0,3,3
1035,1775821983.663,2606,545,54,11,0,15.95,airborne,0,3,3
1036,1775821983.679,2606,561,54,11,0,16.5,airborne,0,3,3
1037,1775821983.695,2606,577,54,12,0,17.05,airborne,0,3,3
1038,1775821983.711,2606,593,54,12,0,17.6,airborne,0,3,3
1039,1775821983.727,2606,611,54,12,0,18.15,airborne,0,3,3
1040,1775821983.744,2606,629,54,13,0,18.7,airborne,0,3,3
1041,1775821983.761,2606,647,54,13,0,19.25,airborne,0,3,3
1042,1775821983.776,2606,656,54,13,0,0,standing,1,3,3
1082,1775821984.423,2602,656,54,13,-4,0,walking,1,3,3
1083,1775821984.438,2598,656,54,13,-4,0.55,walking,0,3,3
1084,1775821984.455,2594,656,54,13,-4,0,walking,1,3,3
1085,1775821984.47,2590,656,53,13,-4,0.55,walking,0,3,3
1086,1775821984.487,2586,656,53,13,-4,0,walking,1,3,3
1087,1775821984.504,2582,656,53,13,-4,0.55,walking,0,3,3
1088,1775821984.519,2578,656,53,13,-4,0,walking,1,3,3
1089,1775821984.535,2574,656,53,13,-4,0.55,walking,0,3,3
1090,1775821984.552,2570,656,53,13,-4,0,walking,1,3,3
