frame,time,x,y,tile_x,tile_y,vx,vy,state,on_ground,ai_strategy,sees_player,ammo,stun,swap_used
1,1776206707.838,1678,640,34,13,-2,4.4,IDLE,0,FAR,0,6,0,0
2,1776206707.852,1676,644,34,13,-2,4.95,IDLE,0,FAR,0,6,0,0
3,1776206707.868,1674,649,34,13,-2,5.5,IDLE,0,FAR,0,6,0,0
4,1776206707.884,1672,655,34,13,-2,6.05,IDLE,0,FAR,0,6,0,0
5,1776206707.899,1670,656,34,13,-2,0,IDLE,1,FAR,0,6,0,0
6,1776206707.915,1668,656,34,13,-2,0.55,IDLE,0,FAR,0,6,0,0
7,1776206707.932,1666,656,34,13,-2,0,IDLE,1,FAR,0,6,0,0
8,1776206707.949,1664,656,34,13,-2,0.55,IDLE,0,FAR,0,6,0,0
9,1776206707.964,1662,656,34,13,-2,0,IDLE,1,FAR,0,6,0,0
10,1776206707.981,1660,656,34,13,-2,0.55,IDLE,0,FAR,0,6,0,0
11,1776206707.997,1658,656,34,13,-2,0,IDLE,1,FAR,0,6,0,0
12,1776206708.013,1656,656,34,13,-2,0.55,IDLE,0,FAR,0,6,0,0
13,1776206708.028,1654,656,34,13,-2,0,IDLE,1,FAR,0,6,0,0
14,1776206708.045,1652,656,34,13,-2,0.55,IDLE,0,FAR,0,6,0,0
15,1776206708.06,1650,656,34,13,-2,0,IDLE,1,FAR,0,6,0,0
16,1776206708.077,1648,656,34,13,-2,0.55,IDLE,0,FAR,0,6,0,0
17,1776206708.093,1646,656,34,13,-2,0,IDLE,1,FAR,0,6,0,0
18,1776206708.109,1644,656,34,13,-2,0.55,IDLE,0,FAR,0,6,0,0
19,1776206708.125,1642,656,34,13,-2,0,IDLE,1,FAR,0,6,0,0
20,1776206708.141,1640,656,34,13,-2,0.55,IDLE,0,FAR,0,6,0,0
21,1776206708.157,1638,656,34,13,-2,0,IDLE,1,FAR,0,6,0,0
22,1776206708.173,1636,656,34,13,-2,0.55,IDLE,0,FAR,0,6,0,0
23,1776206708.19,1634,656,34,13,-2,0,IDLE,1,FAR,0,6,0,0
24,1776206708.206,1632,656,34,13,-2,0.55,IDLE,0,FAR,0,6,0,0
25,1776206708.222,1630,656,33,13,-2,0,IDLE,1,FAR,0,6,0,0
26,1776206708.238,1628,656,33,13,-2,0.55,IDLE,0,FAR,0,6,0,0
27,1776206708.254,1626,656,33,13,-2,0,IDLE,1,FAR,0,6,0,0
28,1776206708.27,1624,656,33,13,-2,0.55,IDLE,0,FAR,0,6,0,0
29,1776206708.287,1622,656,33,13,-2,0,IDLE,1,FAR,0,6,0,0
30,1776206708.303,1620,656,33,13,-2,0.55,IDLE,0,FAR,0,6,0,0
31,1776206708.32,1618,656,33,13,-2,0,IDLE,1,FAR,0,6,0,0
32,1776206708.335,1616,656,33,13,-2,0.55,IDLE,0,FAR,0,6,0,0
33,1776206708.352,1614,656,33,13,-2,0,IDLE,1,FAR,0,6,0,0
34,1776206708.368,1612,656,33,13,-2,0.55,IDLE,0,FAR,0,6,0,0
35,1776206708.384,1610,656,33,13,-2,0,IDLE,1,FAR,0,6,0,0
36,1776206708.4,1612,635,33,13,2,-21.45,IDLE,0,FAR,0,6,0,0
37,1776206708.416,1614,624,33,13,2,0,IDLE,0,FAR,0,6,0,0
38,1776206708.432,1616,624,33,13,2,0.55,IDLE,0,FAR,0,6,0,0
39,1776206708.448,1618,625,33,13,2,1.1,IDLE,0,FAR,0,6,0,0
40,1776206708.464,1620,626,33,13,2,1.65,IDLE,0,FAR,0,6,0,0
41,1776206708.481,1622,628,33,13,2,2.2,IDLE,0,FAR,0,6,0,0
42,1776206708.496,1624,630,33,13,2,2.75,IDLE,0,FAR,0,6,0,0
43,1776206708.512,1626,633,33,13,2,3.3,IDLE,0,FAR,0,6,0,0
44,1776206708.529,1628,636,33,13,2,3.85,IDLE,0,FAR,0,6,0,0
45,1776206708.545,1630,640,33,13,2,4.4,IDLE,0,FAR,0,6,0,0
46,1776206708.562,1632,644,34,13,2,4.95,IDLE,0,FAR,0,6,0,0
47,1776206708.578,1632,649,34,13,0,5.5,IDLE,0,FAR,0,6,0,0
48,1776206708.595,1632,655,34,13,0,6.05,IDLE,0,FAR,0,6,0,0
49,1776206708.611,1632,656,34,13,0,0,IDLE,1,FAR,0,6,0,0
50,1776206708.627,1632,635,34,13,0,-21.45,IDLE,0,FAR,0,6,0,0
51,1776206708.644,1632,624,34,13,0,0,IDLE,0,FAR,0,6,0,0
53,1776206708.676,1632,625,34,13,0,1.1,IDLE,0,FAR,0,6,0,0
54,1776206708.692,1632,626,34,13,0,1.65,IDLE,0,FAR,0,6,0,0
55,1776206708.709,1632,628,34,13,0,2.2,IDLE,0,FAR,0,6,0,0
56,1776206708.725,1632,630,34,13,0,2.75,IDLE,0,FAR,0,6,0,0
57,1776206708.741,1632,633,34,13,0,3.3,IDLE,0,FAR,0,6,0,0
58,1776206708.757,1632,636,34,13,0,3.85,IDLE,0,FAR,0,6,0,0
59,1776206708.773,1632,640,34,13,0,4.4,IDLE,0,FAR,0,6,0,0
60,1776206708.789,1632,644,34,13,0,4.95,IDLE,0,FAR,0,6,0,0
61,1776206708.805,1632,649,34,13,0,5.5,IDLE,0,FAR,0,6,0,0
62,1776206708.821,1632,655,34,13,0,6.05,IDLE,0,FAR,0,6,0,0
63,1776206708.837,1632,656,34,13,0,0,IDLE,1,FAR,0,6,0,0
64,1776206708.853,1632,635,34,13,0,-21.45,IDLE,0,FAR,0,6,0,0
65,1776206708.869,1632,624,34,13,0,0,IDLE,0,FAR,0,6,0,0
67,1776206708.901,1632,625,34,13,0,1.1,IDLE,0,FAR,0,6,0,0
68,1776206708.917,1632,626,34,13,0,1.65,IDLE,0,FAR,0,6,0,0
69,1776206708.933,1632,628,34,13,0,2.2,IDLE,0,FAR,0,6,0,0
70,1776206708.95,1632,630,34,13,0,2.75,IDLE,0,FAR,0,6,0,0
71,1776206708.965,1632,633,34,13,0,3.3,IDLE,0,FAR,0,6,0,0
72,1776206708.982,1632,636,34,13,0,3.85,IDLE,0,FAR,0,6,0,0
73,1776206708.998,1632,640,34,13,0,4.4,IDLE,0,FAR,0,6,0,0
74,1776206709.014,1632,644,34,13,0,4.95,IDLE,0,FAR,0,6,0,0
75,1776206709.031,1632,649,34,13,0,5.5,IDLE,0,FAR,0,6,0,0
76,1776206709.047,1632,655,34,13,0,6.05,IDLE,0,FAR,0,6,0,0
77,1776206709.062,1632,656,34,13,0,0,IDLE,1,FAR,0,6,0,0
78,1776206709.078,1632,635,34,13,0,-21.45,IDLE,0,FAR,0,6,0,0
79,1776206709.095,1632,624,34,13,0,0,IDLE,0,FAR,0,6,0,0
81,1776206709.126,1632,625,34,13,0,1.1,IDLE,0,FAR,0,6,0,0
82,1776206709.143,1632,626,34,13,0,1.65,IDLE,0,FAR,0,6,0,0
83,1776206709.16,1632,628,34,13,0,2.2,IDLE,0,FAR,0,6,0,0
84,1776206709.176,1632,630,34,13,0,2.75,IDLE,0,FAR,0,6,0,0
85,1776206709.192,1632,633,34,13,0,3.3,IDLE,0,FAR,0,6,0,0
86,1776206709.209,1632,636,34,13,0,3.85,IDLE,0,FAR,0,6,0,0
87,1776206709.224,1632,640,34,13,0,4.4,IDLE,0,FAR,0,6,0,0
88,1776206709.241,1632,644,34,13,0,4.95,IDLE,0,FAR,0,6,0,0
89,1776206709.256,1632,649,34,13,0,5.5,IDLE,0,FAR,0,6,0,0
90,1776206709.273,1632,655,34,13,0,6.05,IDLE,0,FAR,0,6,0,0
91,1776206709.288,1632,656,34,13,0,0,IDLE,1,FAR,0,6,0,0
92,1776206709.305,1632,635,34,13,0,-21.45,IDLE,0,FAR,0,6,0,0
93,1776206709.322,1632,624,34,13,0,0,IDLE,0,FAR,0,6,0,0
95,1776206709.353,1632,625,34,13,0,1.1,IDLE,0,FAR,0,6,0,0
96,1776206709.37,1632,626,34,13,0,1.65,IDLE,0,FAR,0,6,0,0
97,1776206709.385,1632,628,34,13,0,2.2,IDLE,0,FAR,0,6,0,0
98,1776206709.402,1632,630,34,13,0,2.75,IDLE,0,FAR,0,6,0,0
99,1776206709.418,1632,633,34,13,0,3.3,IDLE,0,FAR,0,6,0,0
100,1776206709.435,1632,636,34,13,0,3.85,IDLE,0,FAR,0,6,0,0
101,1776206709.451,1632,640,34,13,0,4.4,IDLE,0,FAR,0,6,0,0
102,1776206709.467,1632,644,34,13,0,4.95,IDLE,0,FAR,0,6,0,0
103,1776206709.483,1632,649,34,13,0,5.5,IDLE,0,FAR,0,6,0,0
104,1776206709.499,1632,655,34,13,0,6.05,IDLE,0,FAR,0,6,0,0
105,1776206709.516,1632,656,34,13,0,0,IDLE,1,FAR,0,6,0,0
106,1776206709.531,1632,635,34,13,0,-21.45,IDLE,0,FAR,0,6,0,0
107,1776206709.548,1632,624,34,13,0,0,IDLE,0,FAR,0,6,0,0
109,1776206709.58,1632,625,34,13,0,1.1,IDLE,0,FAR,0,6,0,0
110,1776206709.596,1632,626,34,13,0,1.65,IDLE,0,FAR,0,6,0,0
111,1776206709.611,1632,628,34,13,0,2.2,IDLE,0,FAR,0,6,0,0
112,1776206709.628,1632,630,34,13,0,2.75,IDLE,0,FAR,0,6,0,0
113,1776206709.644,1632,633,34,13,0,3.3,IDLE,0,FAR,0,6,0,0
114,1776206709.66,1632,636,34,13,0,3.85,IDLE,0,FAR,0,6,0,0
115,1776206709.676,1632,640,34,13,0,4.4,IDLE,0,FAR,0,6,0,0
116,1776206709.693,1632,644,34,13,0,4.95,IDLE,0,FAR,0,6,0,0
117,1776206709.708,1632,649,34,13,0,5.5,IDLE,0,FAR,0,6,0,0
118,1776206709.725,1632,655,34,13,0,6.05,IDLE,0,FAR,0,6,0,0
119,1776206709.74,1632,656,34,13,0,0,IDLE,1,FAR,0,6,0,0
120,1776206709.757,1632,635,34,13,0,-21.45,IDLE,0,FAR,0,6,0,0
121,1776206709.773,1632,624,34,13,0,0,IDLE,0,FAR,0,6,0,0
123,1776206709.806,1632,625,34,13,0,1.1,IDLE,0,FAR,0,6,0,0
124,1776206709.822,1632,626,34,13,0,1.65,IDLE,0,FAR,0,6,0,0
125,1776206709.839,1632,628,34,13,0,2.2,IDLE,0,FAR,0,6,0,0
126,1776206709.855,1632,630,34,13,0,2.75,IDLE,0,FAR,0,6,0,0
127,1776206709.87,1632,633,34,13,0,3.3,IDLE,0,FAR,0,6,0,0
128,1776206709.887,1632,636,34,13,0,3.85,IDLE,0,FAR,0,6,0,0
129,1776206709.902,1632,640,34,13,0,4.4,IDLE,0,FAR,0,6,0,0
130,1776206709.919,1632,644,34,13,0,4.95,IDLE,0,FAR,0,6,0,0
131,1776206709.935,1632,649,34,13,0,5.5,IDLE,0,FAR,0,6,0,0
132,1776206709.951,1632,655,34,13,0,6.05,IDLE,0,FAR,0,6,0,0
133,1776206709.967,1632,656,34,13,0,0,IDLE,1,FAR,0,6,0,0
134,1776206709.983,1632,635,34,13,0,-21.45,IDLE,0,FAR,0,6,0,0
135,1776206709.999,1632,624,34,13,0,0,IDLE,0,FAR,0,6,0,0
137,1776206710.031,1632,625,34,13,0,1.1,IDLE,0,FAR,0,6,0,0
138,1776206710.047,1632,626,34,13,0,1.65,IDLE,0,FAR,0,6,0,0
139,1776206710.063,1632,628,34,13,0,2.2,IDLE,0,FAR,0,6,0,0
140,1776206710.078,1632,630,34,13,0,2.75,IDLE,0,FAR,0,6,0,0
141,1776206710.094,1632,633,34,13,0,3.3,IDLE,0,FAR,0,6,0,0
142,1776206710.111,1632,636,34,13,0,3.85,IDLE,0,FAR,0,6,0,0
143,1776206710.127,1632,640,34,13,0,4.4,IDLE,0,FAR,0,6,0,0
144,1776206710.143,1632,644,34,13,0,4.95,IDLE,0,FAR,0,6,0,0
145,1776206710.16,1632,649,34,13,0,5.5,IDLE,0,FAR,0,6,0,0
146,1776206710.175,1632,655,34,13,0,6.05,IDLE,0,FAR,0,6,0,0
147,1776206710.192,1632,656,34,13,0,0,IDLE,1,FAR,0,6,0,0
148,1776206710.208,1632,635,34,13,0,-21.45,IDLE,0,FAR,0,6,0,0
149,1776206710.223,1632,624,34,13,0,0,IDLE,0,FAR,0,6,0,0
151,1776206710.256,1632,625,34,13,0,1.1,IDLE,0,FAR,0,6,0,0
152,1776206710.272,1632,626,34,13,0,1.65,IDLE,0,FAR,0,6,0,0
153,1776206710.288,1632,628,34,13,0,2.2,IDLE,0,FAR,0,6,0,0
154,1776206710.304,1632,630,34,13,0,2.75,IDLE,0,FAR,0,6,0,0
155,1776206710.32,1632,633,34,13,0,3.3,IDLE,0,FAR,0,6,0,0
156,1776206710.336,1632,636,34,13,0,3.85,IDLE,0,FAR,0,6,0,0
157,1776206710.352,1632,640,34,13,0,4.4,IDLE,0,FAR,0,6,0,0
158,1776206710.368,1632,644,34,13,0,4.95,IDLE,0,FAR,0,6,0,0
159,1776206710.384,1632,649,34,13,0,5.5,IDLE,0,FAR,0,6,0,0
160,1776206710.4,1632,655,34,13,0,6.05,IDLE,0,FAR,0,6,0,0
161,1776206710.416,1632,656,34,13,0,0,IDLE,1,FAR,0,6,0,0
162,1776206710.432,1632,635,34,13,0,-21.45,IDLE,0,FAR,0,6,0,0
163,1776206710.448,1632,624,34,13,0,0,IDLE,0,FAR,0,6,0,0
165,1776206710.48,1632,625,34,13,0,1.1,IDLE,0,FAR,0,6,0,0
166,1776206710.497,1632,626,34,13,0,1.65,IDLE,0,FAR,0,6,0,0
167,1776206710.512,1632,628,34,13,0,2.2,IDLE,0,FAR,0,6,0,0
168,1776206710.529,1632,630,34,13,0,2.75,IDLE,0,FAR,0,6,0,0
169,1776206710.545,1632,633,34,13,0,3.3,IDLE,0,FAR,0,6,0,0
170,1776206710.561,1632,636,34,13,0,3.85,IDLE,0,FAR,0,6,0,0
171,1776206710.577,1632,640,34,13,0,4.4,IDLE,0,FAR,0,6,0,0
172,1776206710.594,1632,644,34,13,0,4.95,IDLE,0,FAR,0,6,0,0
173,1776206710.61,1632,649,34,13,0,5.5,IDLE,0,FAR,0,6,0,0
174,1776206710.627,1632,655,34,13,0,6.05,IDLE,0,FAR,0,6,0,0
175,1776206710.644,1632,656,34,13,0,0,IDLE,1,FAR,0,6,0,0
176,1776206710.66,1632,635,34,13,0,-21.45,IDLE,0,FAR,0,6,0,0
177,1776206710.677,1632,624,34,13,0,0,IDLE,0,FAR,0,6,0,0
179,1776206710.709,1632,625,34,13,0,1.1,IDLE,0,FAR,0,6,0,0
180,1776206710.726,1632,626,34,13,0,1.65,IDLE,0,FAR,0,6,0,0
181,1776206710.741,1632,628,34,13,0,2.2,IDLE,0,FAR,0,6,0,0
182,1776206710.758,1632,630,34,13,0,2.75,IDLE,0,FAR,0,6,0,0
183,1776206710.773,1632,633,34,13,0,3.3,IDLE,0,FAR,0,6,0,0
184,1776206710.79,1632,636,34,13,0,3.85,IDLE,0,FAR,0,6,0,0
185,1776206710.806,1632,640,34,13,0,4.4,IDLE,0,FAR,0,6,0,0
186,1776206710.822,1632,644,34,13,0,4.95,IDLE,0,FAR,0,6,0,0
187,1776206710.838,1632,649,34,13,0,5.5,IDLE,0,FAR,0,6,0,0
188,1776206710.854,1632,655,34,13,0,6.05,IDLE,0,FAR,0,6,0,0
189,1776206710.87,1632,656,34,13,0,0,IDLE,1,FAR,0,6,0,0
190,1776206710.885,1632,635,34,13,0,-21.45,IDLE,0,FAR,0,6,0,0
191,1776206710.902,1632,624,34,13,0,0,IDLE,0,FAR,0,6,0,0
193,1776206710.935,1632,625,34,13,0,1.1,IDLE,0,FAR,0,6,0,0
194,1776206710.951,1632,626,34,13,0,1.65,IDLE,0,FAR,0,6,0,0
195,1776206710.967,1632,628,34,13,0,2.2,IDLE,0,FAR,0,6,0,0
196,1776206710.983,1632,630,34,13,0,2.75,IDLE,0,FAR,0,6,0,0
197,1776206710.999,1632,633,34,13,0,3.3,IDLE,0,FAR,0,6,0,0
198,1776206711.015,1632,636,34,13,0,3.85,IDLE,0,FAR,0,6,0,0
199,1776206711.031,1632,640,34,13,0,4.4,IDLE,0,FAR,0,6,0,0
200,1776206711.048,1632,644,34,13,0,4.95,IDLE,0,FAR,0,6,0,0
201,1776206711.064,1632,649,34,13,0,5.5,IDLE,0,FAR,0,6,0,0
202,1776206711.081,1632,655,34,13,0,6.05,IDLE,0,FAR,0,6,0,0
203,1776206711.096,1632,656,34,13,0,0,IDLE,1,FAR,0,6,0,0
204,1776206711.113,1632,635,34,13,0,-21.45,IDLE,0,FAR,0,6,0,0
205,1776206711.128,1632,624,34,13,0,0,IDLE,0,FAR,0,6,0,0
207,1776206711.161,1632,625,34,13,0,1.1,IDLE,0,FAR,0,6,0,0
208,1776206711.178,1632,626,34,13,0,1.65,IDLE,0,FAR,0,6,0,0
209,1776206711.194,1632,628,34,13,0,2.2,IDLE,0,FAR,0,6,0,0
210,1776206711.21,1632,630,34,13,0,2.75,IDLE,0,FAR,0,6,0,0
211,1776206711.226,1632,633,34,13,0,3.3,IDLE,0,FAR,0,6,0,0
212,1776206711.243,1632,636,34,13,0,3.85,IDLE,0,FAR,0,6,0,0
213,1776206711.259,1632,640,34,13,0,4.4,IDLE,0,FAR,0,6,0,0
214,1776206711.274,1632,644,34,13,0,4.95,IDLE,0,FAR,0,6,0,0
215,1776206711.29,1632,649,34,13,0,5.5,IDLE,0,FAR,0,6,0,0
216,1776206711.307,1632,655,34,13,0,6.05,IDLE,0,FAR,0,6,0,0
217,1776206711.323,1632,656,34,13,0,0,IDLE,1,FAR,0,6,0,0
219,1776206711.355,1634,656,34,13,2,0,IDLE,1,FAR,0,6,0,0
220,1776206711.371,1636,656,34,13,2,0.55,IDLE,0,FAR,0,6,0,0
221,1776206711.387,1638,656,34,13,2,0,IDLE,1,FAR,0,6,0,0
222,1776206711.404,1640,656,34,13,2,0.55,IDLE,0,FAR,0,6,0,0
223,1776206711.42,1642,656,34,13,2,0,IDLE,1,FAR,0,6,0,0
224,1776206711.436,1644,656,34,13,2,0.55,IDLE,0,FAR,0,6,0,0
225,1776206711.452,1646,656,34,13,2,0,IDLE,1,FAR,0,6,0,0
226,1776206711.468,1648,656,34,13,2,0.55,IDLE,0,FAR,0,6,0,0
227,1776206711.484,1650,656,34,13,2,0,IDLE,1,FAR,0,6,0,0
228,1776206711.501,1652,656,34,13,2,0.55,IDLE,0,FAR,0,6,0,0
229,1776206711.517,1654,656,34,13,2,0,IDLE,1,FAR,0,6,0,0
230,1776206711.533,1656,656,34,13,2,0.55,IDLE,0,FAR,0,6,0,0
231,1776206711.549,1658,656,34,13,2,0,IDLE,1,FAR,0,6,0,0
232,1776206711.565,1660,656,34,13,2,0.55,IDLE,0,FAR,0,6,0,0
233,1776206711.581,1662,656,34,13,2,0,IDLE,1,FAR,0,6,0,0
234,1776206711.597,1664,656,34,13,2,0.55,IDLE,0,FAR,0,6,0,0
235,1776206711.613,1666,656,34,13,2,0,IDLE,1,FAR,0,6,0,0
236,1776206711.629,1668,656,34,13,2,0.55,IDLE,0,FAR,0,6,0,0
237,1776206711.644,1670,656,34,13,2,0,IDLE,1,FAR,0,6,0,0
238,1776206711.661,1672,656,34,13,2,0.55,IDLE,0,FAR,0,6,0,0
239,1776206711.677,1674,656,34,13,2,0,IDLE,1,FAR,0,6,0,0
240,1776206711.693,1676,656,34,13,2,0.55,IDLE,0,FAR,0,6,0,0
241,1776206711.708,1678,656,34,13,2,0,IDLE,1,FAR,0,6,0,0
242,1776206711.725,1680,656,35,13,2,0.55,IDLE,0,FAR,0,6,0,0
243,1776206711.741,1680,657,35,13,0,1.1,IDLE,0,FAR,0,6,0,0
244,1776206711.757,1680,658,35,13,0,1.65,IDLE,0,FAR,0,6,0,0
245,1776206711.773,1682,660,35,13,2,2.2,IDLE,0,FAR,0,6,0,0
246,1776206711.789,1684,662,35,13,2,2.75,IDLE,0,FAR,0,6,0,0
247,1776206711.805,1686,665,35,13,2,3.3,IDLE,0,FAR,0,6,0,0
248,1776206711.822,1688,668,35,13,2,3.85,IDLE,0,FAR,0,6,0,0
249,1776206711.838,1690,672,35,14,2,4.4,IDLE,0,FAR,0,6,0,0
250,1776206711.854,1692,676,35,14,2,4.95,IDLE,0,FAR,0,6,0,0
251,1776206711.87,1694,681,35,14,2,5.5,IDLE,0,FAR,0,6,0,0
252,1776206711.887,1696,687,35,14,2,6.05,IDLE,0,FAR,0,6,0,0
253,1776206711.903,1698,693,35,14,2,6.6,IDLE,0,FAR,0,6,0,0
254,1776206711.919,1700,700,35,14,2,7.15,IDLE,0,FAR,0,6,0,0
255,1776206711.936,1702,704,35,14,2,0,IDLE,1,FAR,0,6,0,0
256,1776206711.952,1704,704,35,14,2,0.55,IDLE,0,FAR,0,6,0,0
257,1776206711.968,1706,704,35,14,2,0,IDLE,1,FAR,0,6,0,0
258,1776206711.984,1708,704,35,14,2,0.55,IDLE,0,FAR,0,6,0,0
259,1776206712.0,1710,704,35,14,2,0,IDLE,1,FAR,0,6,0,0
260,1776206712.016,1712,704,35,14,2,0.55,IDLE,0,FAR,0,6,0,0
261,1776206712.033,1714,704,35,14,2,0,IDLE,1,FAR,0,6,0,0
262,1776206712.049,1716,704,35,14,2,0.55,IDLE,0,FAR,0,6,0,0
263,1776206712.065,1718,704,35,14,2,0,IDLE,1,FAR,0,6,0,0
264,1776206712.081,1720,704,35,14,2,0.55,IDLE,0,FAR,0,6,0,0
265,1776206712.098,1722,704,35,14,2,0,IDLE,1,FAR,0,6,0,0
266,1776206712.114,1724,704,35,14,2,0.55,IDLE,0,FAR,0,6,0,0
267,1776206712.129,1726,704,35,14,2,0,IDLE,1,FAR,0,6,0,0
268,1776206712.145,1728,704,36,14,2,0.55,IDLE,0,FAR,0,6,0,0
269,1776206712.162,1730,704,36,14,2,0,IDLE,1,FAR,0,6,0,0
270,1776206712.178,1732,704,36,14,2,0.55,IDLE,0,FAR,0,6,0,0
271,1776206712.195,1734,704,36,14,2,0,IDLE,1,FAR,0,6,0,0
272,1776206712.211,1736,704,36,14,2,0.55,IDLE,0,FAR,0,6,0,0
273,1776206712.227,1738,704,36,14,2,0,IDLE,1,FAR,0,6,0,0
274,1776206712.243,1740,704,36,14,2,0.55,IDLE,0,FAR,0,6,0,0
275,1776206712.26,1742,704,36,14,2,0,IDLE,1,FAR,0,6,0,0
276,1776206712.276,1744,704,36,14,2,0.55,IDLE,0,FAR,0,6,0,0
277,1776206712.292,1746,704,36,14,2,0,IDLE,1,FAR,0,6,0,0
278,1776206712.309,1748,704,36,14,2,0.55,IDLE,0,FAR,0,6,0,0
279,1776206712.324,1750,704,36,14,2,0,IDLE,1,FAR,0,6,0,0
280,1776206712.341,1752,704,36,14,2,0.55,IDLE,0,FAR,0,6,0,0
281,1776206712.357,1754,704,36,14,2,0,IDLE,1,FAR,0,6,0,0
282,1776206712.373,1756,704,36,14,2,0.55,IDLE,0,FAR,0,6,0,0
283,1776206712.389,1758,704,36,14,2,0,IDLE,1,FAR,0,6,0,0
284,1776206712.405,1760,704,36,14,2,0.55,IDLE,0,FAR,0,6,0,0
285,1776206712.421,1762,704,36,14,2,0,IDLE,1,FAR,0,6,0,0
286,1776206712.437,1764,704,36,14,2,0.55,IDLE,0,FAR,0,6,0,0
287,1776206712.453,1766,704,36,14,2,0,IDLE,1,FAR,0,6,0,0
288,1776206712.469,1768,704,36,14,2,0.55,IDLE,0,FAR,0,6,0,0
289,1776206712.486,1770,704,36,14,2,0,IDLE,1,FAR,0,6,0,0
290,1776206712.501,1772,704,36,14,2,0.55,IDLE,0,FAR,0,6,0,0
291,1776206712.518,1774,704,36,14,2,0,IDLE,1,FAR,0,6,0,0
292,1776206712.533,1776,704,37,14,2,0.55,IDLE,0,FAR,0,6,0,0
293,1776206712.55,1778,704,37,14,2,0,IDLE,1,FAR,0,6,0,0
294,1776206712.566,1780,704,37,14,2,0.55,IDLE,0,FAR,0,6,0,0
295,1776206712.582,1782,704,37,14,2,0,IDLE,1,FAR,0,6,0,0
296,1776206712.599,1784,704,37,14,2,0.55,IDLE,0,FAR,0,6,0,0
297,1776206712.614,1786,704,37,14,2,0,IDLE,1,FAR,0,6,0,0
298,1776206712.631,1788,704,37,14,2,0.55,IDLE,0,FAR,0,6,0,0
299,1776206712.647,1790,704,37,14,2,0,IDLE,1,FAR,0,6,0,0
300,1776206712.663,1792,704,37,14,2,0.55,IDLE,0,FAR,0,6,0,0
301,1776206712.679,1794,704,37,14,2,0,IDLE,1,FAR,0,6,0,0
302,1776206712.695,1796,704,37,14,2,0.55,IDLE,0,FAR,0,6,0,0
303,1776206712.71,1798,704,37,14,2,0,IDLE,1,FAR,0,6,0,0
304,1776206712.727,1800,704,37,14,2,0.55,IDLE,0,FAR,0,6,0,0
305,1776206712.742,1802,704,37,14,2,0,IDLE,1,FAR,0,6,0,0
306,1776206712.759,1804,704,37,14,2,0.55,IDLE,0,FAR,0,6,0,0
307,1776206712.774,1806,704,37,14,2,0,IDLE,1,FAR,0,6,0,0
308,1776206712.79,1808,704,37,14,2,0.55,IDLE,0,FAR,0,6,0,0
309,1776206712.806,1810,704,37,14,2,0,IDLE,1,FAR,0,6,0,0
310,1776206712.823,1812,704,37,14,2,0.55,IDLE,0,FAR,0,6,0,0
311,1776206712.84,1814,704,37,14,2,0,IDLE,1,FAR,0,6,0,0
312,1776206712.857,1816,704,37,14,2,0.55,IDLE,0,FAR,0,6,0,0
313,1776206712.873,1818,704,37,14,2,0,IDLE,1,FAR,0,6,0,0
314,1776206712.889,1820,704,37,14,2,0.55,IDLE,0,FAR,0,6,0,0
315,1776206712.905,1822,704,37,14,2,0,IDLE,1,FAR,0,6,0,0
316,1776206712.921,1824,704,38,14,2,0.55,IDLE,0,FAR,0,6,0,0
317,1776206712.937,1826,704,38,14,2,0,IDLE,1,FAR,0,6,0,0
318,1776206712.953,1828,704,38,14,2,0.55,IDLE,0,FAR,0,6,0,0
319,1776206712.969,1830,704,38,14,2,0,IDLE,1,FAR,0,6,0,0
320,1776206712.984,1832,704,38,14,2,0.55,IDLE,0,FAR,0,6,0,0
321,1776206713.0,1834,704,38,14,2,0,IDLE,1,FAR,0,6,0,0
322,1776206713.016,1836,704,38,14,2,0.55,IDLE,0,FAR,0,6,0,0
323,1776206713.032,1838,704,38,14,2,0,IDLE,1,FAR,0,6,0,0
324,1776206713.049,1840,704,38,14,2,0.55,IDLE,0,FAR,0,6,0,0
325,1776206713.065,1842,704,38,14,2,0,IDLE,1,FAR,0,6,0,0
326,1776206713.082,1844,704,38,14,2,0.55,IDLE,0,FAR,0,6,0,0
327,1776206713.098,1846,704,38,14,2,0,IDLE,1,FAR,0,6,0,0
328,1776206713.115,1848,704,38,14,2,0.55,IDLE,0,FAR,0,6,0,0
329,1776206713.131,1850,704,38,14,2,0,IDLE,1,FAR,0,6,0,0
330,1776206713.147,1852,704,38,14,2,0.55,IDLE,0,FAR,0,6,0,0
331,1776206713.163,1854,704,38,14,2,0,IDLE,1,FAR,0,6,0,0
332,1776206713.178,1856,704,38,14,2,0.55,IDLE,0,FAR,0,6,0,0
333,1776206713.194,1858,704,38,14,2,0,IDLE,1,FAR,0,6,0,0
334,1776206713.211,1860,704,38,14,2,0.55,IDLE,0,FAR,0,6,0,0
335,1776206713.227,1862,704,38,14,2,0,IDLE,1,FAR,0,6,0,0
336,1776206713.243,1864,704,38,14,2,0.55,IDLE,0,FAR,0,6,0,0
337,1776206713.259,1866,704,38,14,2,0,IDLE,1,FAR,0,6,0,0
338,1776206713.275,1868,704,38,14,2,0.55,IDLE,0,FAR,0,6,0,0
339,1776206713.292,1870,704,38,14,2,0,IDLE,1,FAR,0,6,0,0
340,1776206713.308,1872,704,39,14,2,0.55,IDLE,0,FAR,0,6,0,0
341,1776206713.325,1872,705,39,14,0,1.1,IDLE,0,FAR,0,6,0,0
342,1776206713.341,1872,706,39,14,0,1.65,IDLE,0,FAR,0,6,0,0
343,1776206713.357,1872,708,39,14,0,2.2,IDLE,0,FAR,0,6,0,0
344,1776206713.373,1872,710,39,14,0,2.75,IDLE,0,FAR,0,6,0,0
345,1776206713.389,1872,713,39,14,0,3.3,IDLE,0,FAR,0,6,0,0
346,1776206713.405,1872,716,39,14,0,3.85,IDLE,0,FAR,0,6,0,0
347,1776206713.421,1872,720,39,15,0,4.4,IDLE,0,FAR,0,6,0,0
348,1776206713.437,1872,724,39,15,0,4.95,IDLE,0,FAR,0,6,0,0
349,1776206713.453,1872,729,39,15,0,5.5,IDLE,0,FAR,0,6,0,0
350,1776206713.469,1872,735,39,15,0,6.05,IDLE,0,FAR,0,6,0,0
351,1776206713.485,1872,741,39,15,0,6.6,IDLE,0,FAR,0,6,0,0
352,1776206713.501,1872,748,39,15,0,7.15,IDLE,0,FAR,0,6,0,0
353,1776206713.517,1872,755,39,15,0,7.7,IDLE,0,FAR,0,6,0,0
354,1776206713.534,1872,763,39,15,0,8.25,IDLE,0,FAR,0,6,0,0
355,1776206713.55,1872,771,39,16,0,8.8,IDLE,0,FAR,0,6,0,0
356,1776206713.567,1872,780,39,16,0,9.35,IDLE,0,FAR,0,6,0,0
357,1776206713.583,1872,789,39,16,0,9.9,IDLE,0,FAR,0,6,0,0
358,1776206713.599,1872,799,39,16,0,10.45,IDLE,0,FAR,0,6,0,0
359,1776206713.615,1872,810,39,16,0,11.0,IDLE,0,FAR,0,6,0,0
360,1776206713.631,1872,821,39,17,0,11.55,IDLE,0,FAR,0,6,0,0
361,1776206713.647,1870,833,38,17,-2,12.1,IDLE,0,FAR,0,6,0,0
362,1776206713.663,1868,845,38,17,-2,12.65,IDLE,0,FAR,0,6,0,0
363,1776206713.679,1866,848,38,17,-2,0,IDLE,1,FAR,0,6,0,0
364,1776206713.695,1864,848,38,17,-2,0.55,IDLE,0,FAR,0,6,0,0
365,1776206713.711,1862,848,38,17,-2,0,IDLE,1,FAR,0,6,0,0
366,1776206713.727,1860,848,38,17,-2,0.55,IDLE,0,FAR,0,6,0,0
367,1776206713.743,1858,848,38,17,-2,0,IDLE,1,FAR,0,6,0,0
368,1776206713.76,1856,848,38,17,-2,0.55,IDLE,0,FAR,0,6,0,0
369,1776206713.776,1854,848,38,17,-2,0,IDLE,1,FAR,0,6,0,0
370,1776206713.792,1852,848,38,17,-2,0.55,IDLE,0,FAR,0,6,0,0
371,1776206713.807,1850,848,38,17,-2,0,IDLE,1,FAR,0,6,0,0
372,1776206713.824,1848,848,38,17,-2,0.55,IDLE,0,FAR,0,6,0,0
373,1776206713.84,1846,848,38,17,-2,0,IDLE,1,FAR,0,6,0,0
374,1776206713.856,1844,848,38,17,-2,0.55,IDLE,0,FAR,0,6,0,0
375,1776206713.872,1842,848,38,17,-2,0,IDLE,1,FAR,0,6,0,0
376,1776206713.887,1840,848,38,17,-2,0.55,IDLE,0,FAR,0,6,0,0
377,1776206713.904,1838,848,38,17,-2,0,IDLE,1,FAR,0,6,0,0
378,1776206713.92,1836,848,38,17,-2,0.55,IDLE,0,FAR,0,6,0,0
379,1776206713.937,1834,848,38,17,-2,0,IDLE,1,FAR,0,6,0,0
380,1776206713.953,1832,848,38,17,-2,0.55,IDLE,0,FAR,0,6,0,0
381,1776206713.968,1830,848,38,17,-2,0,IDLE,1,FAR,0,6,0,0
382,1776206713.985,1828,848,38,17,-2,0.55,IDLE,0,FAR,0,6,0,0
383,1776206714.0,1826,848,38,17,-2,0,IDLE,1,FAR,0,6,0,0
384,1776206714.017,1824,848,38,17,-2,0.55,IDLE,0,FAR,0,6,0,0
385,1776206714.033,1822,848,37,17,-2,0,IDLE,1,FAR,0,6,0,0
386,1776206714.05,1820,848,37,17,-2,0.55,IDLE,0,FAR,0,6,0,0
387,1776206714.066,1818,848,37,17,-2,0,IDLE,1,FAR,0,6,0,0
388,1776206714.082,1816,848,37,17,-2,0.55,IDLE,0,FAR,0,6,0,0
389,1776206714.098,1814,848,37,17,-2,0,IDLE,1,FAR,0,6,0,0
390,1776206714.115,1812,848,37,17,-2,0.55,IDLE,0,FAR,0,6,0,0
391,1776206714.131,1810,848,37,17,-2,0,IDLE,1,FAR,0,6,0,0
392,1776206714.147,1808,848,37,17,-2,0.55,IDLE,0,FAR,0,6,0,0
393,1776206714.162,1806,848,37,17,-2,0,IDLE,1,FAR,0,6,0,0
394,1776206714.179,1804,848,37,17,-2,0.55,IDLE,0,FAR,0,6,0,0
395,1776206714.196,1802,848,37,17,-2,0,IDLE,1,FAR,0,6,0,0
396,1776206714.212,1800,848,37,17,-2,0.55,IDLE,0,FAR,0,6,0,0
397,1776206714.228,1798,848,37,17,-2,0,IDLE,1,FAR,0,6,0,0
398,1776206714.244,1796,848,37,17,-2,0.55,IDLE,0,FAR,0,6,0,0
399,1776206714.261,1794,848,37,17,-2,0,IDLE,1,FAR,0,6,0,0
400,1776206714.277,1792,848,37,17,-2,0.55,IDLE,0,FAR,0,6,0,0
401,1776206714.293,1790,848,37,17,-2,0,IDLE,1,FAR,0,6,0,0
402,1776206714.309,1788,848,37,17,-2,0.55,IDLE,0,FAR,0,6,0,0
403,1776206714.325,1786,848,37,17,-2,0,IDLE,1,FAR,0,6,0,0
404,1776206714.341,1784,848,37,17,-2,0.55,IDLE,0,FAR,0,6,0,0
405,1776206714.357,1782,848,37,17,-2,0,IDLE,1,FAR,0,6,0,0
406,1776206714.373,1780,848,37,17,-2,0.55,IDLE,0,FAR,0,6,0,0
407,1776206714.389,1778,848,37,17,-2,0,IDLE,1,FAR,0,6,0,0
408,1776206714.405,1776,848,37,17,-2,0.55,IDLE,0,FAR,0,6,0,0
409,1776206714.421,1774,848,36,17,-2,0,IDLE,1,FAR,0,6,0,0
410,1776206714.438,1772,848,36,17,-2,0.55,IDLE,0,FAR,0,6,0,0
411,1776206714.454,1770,848,36,17,-2,0,IDLE,1,FAR,0,6,0,0
412,1776206714.47,1768,848,36,17,-2,0.55,IDLE,0,FAR,0,6,0,0
413,1776206714.485,1766,848,36,17,-2,0,IDLE,1,FAR,0,6,0,0
414,1776206714.502,1764,848,36,17,-2,0.55,IDLE,0,FAR,0,6,0,0
415,1776206714.518,1762,848,36,17,-2,0,IDLE,1,FAR,0,6,0,0
416,1776206714.534,1760,848,36,17,-2,0.55,IDLE,0,FAR,0,6,0,0
417,1776206714.549,1758,848,36,17,-2,0,IDLE,1,FAR,0,6,0,0
418,1776206714.566,1756,848,36,17,-2,0.55,IDLE,0,FAR,0,6,0,0
419,1776206714.582,1754,848,36,17,-2,0,IDLE,1,FAR,0,6,0,0
420,1776206714.597,1752,848,36,17,-2,0.55,IDLE,0,FAR,0,6,0,0
421,1776206714.614,1750,848,36,17,-2,0,IDLE,1,FAR,0,6,0,0
422,1776206714.63,1748,848,36,17,-2,0.55,IDLE,0,FAR,0,6,0,0
423,1776206714.646,1746,848,36,17,-2,0,IDLE,1,FAR,0,6,0,0
424,1776206714.662,1744,848,36,17,-2,0.55,IDLE,0,FAR,0,6,0,0
425,1776206714.677,1742,848,36,17,-2,0,IDLE,1,FAR,0,6,0,0
426,1776206714.694,1740,848,36,17,-2,0.55,IDLE,0,FAR,0,6,0,0
427,1776206714.71,1738,848,36,17,-2,0,IDLE,1,FAR,0,6,0,0
428,1776206714.726,1736,848,36,17,-2,0.55,IDLE,0,FAR,0,6,0,0
429,1776206714.743,1734,848,36,17,-2,0,IDLE,1,FAR,0,6,0,0
430,1776206714.759,1732,848,36,17,-2,0.55,IDLE,0,FAR,0,6,0,0
431,1776206714.775,1730,848,36,17,-2,0,IDLE,1,FAR,0,6,0,0
432,1776206714.791,1728,848,36,17,-2,0.55,IDLE,0,FAR,0,6,0,0
433,1776206714.807,1726,848,35,17,-2,0,IDLE,1,FAR,0,6,0,0
434,1776206714.823,1724,848,35,17,-2,0.55,IDLE,0,FAR,0,6,0,0
435,1776206714.839,1722,848,35,17,-2,0,IDLE,1,FAR,0,6,0,0
436,1776206714.854,1720,848,35,17,-2,0.55,IDLE,0,FAR,0,6,0,0
437,1776206714.871,1718,848,35,17,-2,0,IDLE,1,FAR,0,6,0,0
438,1776206714.887,1716,848,35,17,-2,0.55,IDLE,0,FAR,0,6,0,0
439,1776206714.902,1714,848,35,17,-2,0,IDLE,1,FAR,0,6,0,0
440,1776206714.918,1712,848,35,17,-2,0.55,IDLE,0,FAR,0,6,0,0
441,1776206714.935,1710,848,35,17,-2,0,IDLE,1,FAR,0,6,0,0
442,1776206714.951,1708,848,35,17,-2,0.55,IDLE,0,FAR,0,6,0,0
443,1776206714.967,1706,848,35,17,-2,0,IDLE,1,FAR,0,6,0,0
444,1776206714.983,1704,848,35,17,-2,0.55,IDLE,0,FAR,0,6,0,0
445,1776206715.0,1702,848,35,17,-2,0,IDLE,1,FAR,0,6,0,0
446,1776206715.016,1700,848,35,17,-2,0.55,IDLE,0,FAR,0,6,0,0
447,1776206715.032,1698,848,35,17,-2,0,IDLE,1,FAR,0,6,0,0
448,1776206715.048,1696,848,35,17,-2,0.55,IDLE,0,FAR,0,6,0,0
449,1776206715.064,1694,848,35,17,-2,0,IDLE,1,FAR,0,6,0,0
450,1776206715.08,1692,848,35,17,-2,0.55,IDLE,0,FAR,0,6,0,0
451,1776206715.096,1690,848,35,17,-2,0,IDLE,1,FAR,0,6,0,0
452,1776206715.112,1688,848,35,17,-2,0.55,IDLE,0,FAR,0,6,0,0
453,1776206715.128,1686,848,35,17,-2,0,IDLE,1,FAR,0,6,0,0
454,1776206715.144,1684,848,35,17,-2,0.55,IDLE,0,FAR,0,6,0,0
455,1776206715.16,1682,848,35,17,-2,0,IDLE,1,FAR,0,6,0,0
456,1776206715.176,1680,848,35,17,-2,0.55,IDLE,0,FAR,0,6,0,0
457,1776206715.193,1678,848,34,17,-2,0,IDLE,1,FAR,0,6,0,0
458,1776206715.209,1676,848,34,17,-2,0.55,IDLE,0,FAR,0,6,0,0
459,1776206715.225,1674,848,34,17,-2,0,IDLE,1,FAR,0,6,0,0
460,1776206715.241,1672,848,34,17,-2,0.55,IDLE,0,FAR,0,6,0,0
461,1776206715.257,1670,848,34,17,-2,0,IDLE,1,FAR,0,6,0,0
462,1776206715.273,1668,848,34,17,-2,0.55,IDLE,0,FAR,0,6,0,0
463,1776206715.289,1666,848,34,17,-2,0,IDLE,1,FAR,0,6,0,0
464,1776206715.305,1664,848,34,17,-2,0.55,IDLE,0,FAR,0,6,0,0
465,1776206715.322,1662,848,34,17,-2,0,IDLE,1,FAR,0,6,0,0
466,1776206715.338,1660,848,34,17,-2,0.55,IDLE,0,FAR,0,6,0,0
467,1776206715.354,1658,848,34,17,-2,0,IDLE,1,FAR,0,6,0,0
468,1776206715.371,1656,848,34,17,-2,0.55,IDLE,0,FAR,0,6,0,0
469,1776206715.386,1654,848,34,17,-2,0,IDLE,1,FAR,0,6,0,0
470,1776206715.403,1652,848,34,17,-2,0.55,IDLE,0,FAR,0,6,0,0
471,1776206715.419,1650,848,34,17,-2,0,IDLE,1,FAR,0,6,0,0
472,1776206715.435,1648,848,34,17,-2,0.55,IDLE,0,FAR,0,6,0,0
473,1776206715.452,1646,848,34,17,-2,0,IDLE,1,FAR,0,6,0,0
474,1776206715.468,1644,848,34,17,-2,0.55,IDLE,0,FAR,0,6,0,0
475,1776206715.484,1642,848,34,17,-2,0,IDLE,1,FAR,0,6,0,0
476,1776206715.5,1640,848,34,17,-2,0.55,IDLE,0,FAR,0,6,0,0
477,1776206715.517,1638,848,34,17,-2,0,IDLE,1,FAR,0,6,0,0
478,1776206715.533,1636,848,34,17,-2,0.55,IDLE,0,FAR,0,6,0,0
479,1776206715.55,1634,848,34,17,-2,0,IDLE,1,FAR,0,6,0,0
480,1776206715.565,1632,848,34,17,-2,0.55,IDLE,0,FAR,0,6,0,0
481,1776206715.582,1630,848,33,17,-2,0,IDLE,1,FAR,0,6,0,0
482,1776206715.597,1628,848,33,17,-2,0.55,IDLE,0,FAR,0,6,0,0
483,1776206715.614,1626,848,33,17,-2,0,IDLE,1,FAR,0,6,0,0
484,1776206715.629,1624,848,33,17,-2,0.55,IDLE,0,FAR,0,6,0,0
485,1776206715.646,1622,848,33,17,-2,0,IDLE,1,FAR,0,6,0,0
486,1776206715.662,1620,848,33,17,-2,0.55,IDLE,0,FAR,0,6,0,0
487,1776206715.678,1618,848,33,17,-2,0,IDLE,1,FAR,0,6,0,0
488,1776206715.694,1616,848,33,17,-2,0.55,IDLE,0,FAR,0,6,0,0
489,1776206715.71,1614,848,33,17,-2,0,IDLE,1,FAR,0,6,0,0
490,1776206715.725,1612,848,33,17,-2,0.55,IDLE,0,FAR,0,6,0,0
491,1776206715.742,1610,848,33,17,-2,0,IDLE,1,FAR,0,6,0,0
492,1776206715.758,1608,848,33,17,-2,0.55,IDLE,0,FAR,0,6,0,0
493,1776206715.774,1606,848,33,17,-2,0,IDLE,1,FAR,0,6,0,0
494,1776206715.79,1604,848,33,17,-2,0.55,IDLE,0,FAR,0,6,0,0
495,1776206715.806,1602,848,33,17,-2,0,IDLE,1,FAR,0,6,0,0
496,1776206715.821,1600,848,33,17,-2,0.55,IDLE,0,FAR,0,6,0,0
497,1776206715.838,1598,848,33,17,-2,0,IDLE,1,FAR,0,6,0,0
498,1776206715.854,1596,848,33,17,-2,0.55,IDLE,0,FAR,0,6,0,0
499,1776206715.871,1594,848,33,17,-2,0,IDLE,1,FAR,0,6,0,0
500,1776206715.887,1592,848,33,17,-2,0.55,IDLE,0,FAR,0,6,0,0
501,1776206715.904,1590,848,33,17,-2,0,IDLE,1,FAR,0,6,0,0
502,1776206715.92,1588,848,33,17,-2,0.55,IDLE,0,FAR,0,6,0,0
503,1776206715.937,1586,848,33,17,-2,0,IDLE,1,FAR,0,6,0,0
504,1776206715.953,1584,848,33,17,-2,0.55,IDLE,0,FAR,0,6,0,0
505,1776206715.969,1582,848,32,17,-2,0,IDLE,1,FAR,0,6,0,0
506,1776206715.984,1580,848,32,17,-2,0.55,IDLE,0,FAR,0,6,0,0
507,1776206716.001,1578,848,32,17,-2,0,IDLE,1,FAR,0,6,0,0
508,1776206716.016,1576,848,32,17,-2,0.55,IDLE,0,FAR,0,6,0,0
509,1776206716.033,1574,848,32,17,-2,0,IDLE,1,FAR,0,6,0,0
510,1776206716.048,1572,848,32,17,-2,0.55,IDLE,0,FAR,0,6,0,0
511,1776206716.065,1570,848,32,17,-2,0,IDLE,1,FAR,0,6,0,0
512,1776206716.082,1568,848,32,17,-2,0.55,IDLE,0,FAR,0,6,0,0
513,1776206716.098,1566,848,32,17,-2,0,IDLE,1,FAR,0,6,0,0
514,1776206716.113,1564,848,32,17,-2,0.55,IDLE,0,FAR,0,6,0,0
515,1776206716.129,1562,848,32,17,-2,0,IDLE,1,FAR,0,6,0,0
516,1776206716.145,1560,827,32,17,-2,-21.45,IDLE,0,FAR,0,6,0,0
517,1776206716.161,1558,807,32,16,-2,-20.9,IDLE,0,FAR,0,6,0,0
518,1776206716.177,1556,787,32,16,-2,-20.35,IDLE,0,FAR,0,6,0,0
519,1776206716.193,1554,768,32,16,-2,-19.8,IDLE,0,FAR,0,6,0,0
520,1776206716.209,1552,768,32,16,-2,0,IDLE,0,FAR,0,6,0,0
521,1776206716.225,1550,768,32,16,-2,0.55,IDLE,0,FAR,0,6,0,0
522,1776206716.241,1548,769,32,16,-2,1.1,IDLE,0,FAR,0,6,0,0
523,1776206716.257,1546,770,32,16,-2,1.65,IDLE,0,FAR,0,6,0,0
524,1776206716.273,1544,772,32,16,-2,2.2,IDLE,0,FAR,0,6,0,0
525,1776206716.289,1542,774,32,16,-2,2.75,IDLE,0,FAR,0,6,0,0
526,1776206716.305,1540,777,32,16,-2,3.3,IDLE,0,FAR,0,6,0,0
527,1776206716.322,1538,780,32,16,-2,3.85,IDLE,0,FAR,0,6,0,0
528,1776206716.338,1536,784,32,16,-2,4.4,IDLE,0,FAR,0,6,0,0
529,1776206716.354,1534,788,31,16,-2,4.95,IDLE,0,FAR,0,6,0,0
530,1776206716.37,1532,793,31,16,-2,5.5,IDLE,0,FAR,0,6,0,0
531,1776206716.386,1530,799,31,16,-2,6.05,IDLE,0,FAR,0,6,0,0
532,1776206716.402,1528,800,31,16,-2,0,IDLE,1,FAR,0,6,0,0
533,1776206716.417,1526,800,31,16,-2,0.55,IDLE,0,FAR,0,6,0,0
534,1776206716.434,1524,800,31,16,-2,0,IDLE,1,FAR,0,6,0,0
535,1776206716.45,1522,800,31,16,-2,0.55,IDLE,0,FAR,0,6,0,0
536,1776206716.466,1520,800,31,16,-2,0,IDLE,1,FAR,0,6,0,0
537,1776206716.482,1518,800,31,16,-2,0.55,IDLE,0,FAR,0,6,0,0
538,1776206716.499,1516,800,31,16,-2,0,IDLE,1,FAR,0,6,0,0
539,1776206716.515,1514,800,31,16,-2,0.55,IDLE,0,FAR,0,6,0,0
540,1776206716.531,1512,800,31,16,-2,0,IDLE,1,FAR,0,6,0,0
541,1776206716.547,1510,800,31,16,-2,0.55,IDLE,0,FAR,0,6,0,0
542,1776206716.562,1508,800,31,16,-2,0,IDLE,1,FAR,0,6,0,0
543,1776206716.579,1506,800,31,16,-2,0.55,IDLE,0,FAR,0,6,0,0
544,1776206716.595,1504,800,31,16,-2,0,IDLE,1,FAR,0,6,0,0
545,1776206716.61,1502,800,31,16,-2,0.55,IDLE,0,FAR,0,6,0,0
546,1776206716.627,1500,800,31,16,-2,0,IDLE,1,FAR,0,6,0,0
547,1776206716.642,1498,800,31,16,-2,0.55,IDLE,0,FAR,0,6,0,0
548,1776206716.659,1496,800,31,16,-2,0,IDLE,1,FAR,0,6,0,0
549,1776206716.675,1494,800,31,16,-2,0.55,IDLE,0,FAR,0,6,0,0
550,1776206716.691,1492,800,31,16,-2,0,IDLE,1,FAR,0,6,0,0
551,1776206716.708,1490,800,31,16,-2,0.55,IDLE,0,FAR,0,6,0,0
552,1776206716.724,1488,800,31,16,-2,0,IDLE,1,FAR,0,6,0,0
553,1776206716.739,1486,800,30,16,-2,0.55,IDLE,0,FAR,0,6,0,0
554,1776206716.756,1484,800,30,16,-2,0,IDLE,1,FAR,0,6,0,0
555,1776206716.772,1482,800,30,16,-2,0.55,IDLE,0,FAR,0,6,0,0
556,1776206716.787,1480,800,30,16,-2,0,IDLE,1,FAR,0,6,0,0
557,1776206716.804,1478,800,30,16,-2,0.55,IDLE,0,FAR,0,6,0,0
558,1776206716.82,1476,800,30,16,-2,0,IDLE,1,FAR,0,6,0,0
559,1776206716.836,1474,800,30,16,-2,0.55,IDLE,0,FAR,0,6,0,0
560,1776206716.852,1472,800,30,16,-2,0,IDLE,1,FAR,0,6,0,0
561,1776206716.868,1470,800,30,16,-2,0.55,IDLE,0,FAR,0,6,0,0
562,1776206716.884,1468,800,30,16,-2,0,IDLE,1,FAR,0,6,0,0
563,1776206716.9,1466,800,30,16,-2,0.55,IDLE,0,FAR,0,6,0,0
564,1776206716.916,1464,800,30,16,-2,0,IDLE,1,FAR,0,6,0,0
565,1776206716.932,1462,800,30,16,-2,0.55,IDLE,0,FAR,0,6,0,0
566,1776206716.948,1460,800,30,16,-2,0,IDLE,1,FAR,0,6,0,0
567,1776206716.964,1458,800,30,16,-2,0.55,IDLE,0,FAR,0,6,0,0
568,1776206716.981,1456,800,30,16,-2,0,IDLE,1,FAR,0,6,0,0
569,1776206716.997,1454,800,30,16,-2,0.55,IDLE,0,FAR,0,6,0,0
570,1776206717.013,1452,800,30,16,-2,0,IDLE,1,FAR,0,6,0,0
571,1776206717.03,1450,800,30,16,-2,0.55,IDLE,0,FAR,0,6,0,0
572,1776206717.046,1448,800,30,16,-2,0,IDLE,1,FAR,0,6,0,0
573,1776206717.062,1446,800,30,16,-2,0.55,IDLE,0,FAR,0,6,0,0
574,1776206717.078,1444,800,30,16,-2,0,IDLE,1,FAR,0,6,0,0
575,1776206717.094,1442,800,30,16,-2,0.55,IDLE,0,FAR,0,6,0,0
576,1776206717.11,1440,800,30,16,-2,0,IDLE,1,FAR,0,6,0,0
577,1776206717.127,1438,800,29,16,-2,0.55,IDLE,0,FAR,0,6,0,0
578,1776206717.143,1436,800,29,16,-2,0,IDLE,1,FAR,0,6,0,0
579,1776206717.159,1434,800,29,16,-2,0.55,IDLE,0,FAR,0,6,0,0
580,1776206717.175,1432,800,29,16,-2,0,IDLE,1,FAR,0,6,0,0
581,1776206717.191,1430,800,29,16,-2,0.55,IDLE,0,FAR,0,6,0,0
582,1776206717.207,1428,800,29,16,-2,0,IDLE,1,FAR,0,6,0,0
583,1776206717.223,1426,800,29,16,-2,0.55,IDLE,0,FAR,0,6,0,0
584,1776206717.239,1424,800,29,16,-2,0,IDLE,1,FAR,0,6,0,0
585,1776206717.255,1422,800,29,16,-2,0.55,IDLE,0,FAR,0,6,0,0
586,1776206717.271,1420,800,29,16,-2,0,IDLE,1,FAR,0,6,0,0
587,1776206717.287,1418,800,29,16,-2,0.55,IDLE,0,FAR,0,6,0,0
588,1776206717.303,1416,800,29,16,-2,0,IDLE,1,FAR,0,6,0,0
589,1776206717.319,1414,800,29,16,-2,0.55,IDLE,0,FAR,0,6,0,0
590,1776206717.335,1412,800,29,16,-2,0,IDLE,1,FAR,0,6,0,0
